window/unrelated_audit/first	ok	1|ok	1
window/unrelated_audit/retry	ok	1|ok	1
window/capability_audit/first	refused:changed	0|refused:changed	0
window/capability_audit/retry	refused:changed	0|refused:changed	0
window/track_audit/first	refused:changed	0|refused:changed	0
window/track_audit/retry	refused:changed	0|refused:changed	0
window/unrelated_user/first	ok	1|ok	1
window/unrelated_user/retry	ok	1|ok	1
commit/unrelated_audit/first	ok	1|ok	1
commit/unrelated_audit/retry	ok	1|ok	1
commit/capability_audit/first	Illuminate\\Validation\\ValidationException	1|refused:write_source_changed	0
commit/capability_audit/retry	Illuminate\\Validation\\ValidationException	1|refused:write_source_changed	0
commit/track_audit/first	ok	1|refused:write_source_changed	0
commit/track_audit/retry	ok	1|refused:write_source_changed	0
commit/unrelated_user/first	ok	1|ok	1
commit/unrelated_user/retry	ok	1|ok	1
