audit_id,area,required_capture,authority,status,captured_at,evidence_reference,prohibited
A-001,Account and plan,Plan; enabled modules; limits; legal entity; account roles without credentials,explicit_read_only_walkthrough_or_owner_official_export,not_performed,,,No payment/DNS/contract/source writes; no raw secrets or unnecessary customer content
A-002,Tracks and editor,All fields; statuses; validation; license assignments; preview/master/stems roles; pagination,explicit_read_only_walkthrough_or_owner_official_export,not_performed,,,No payment/DNS/contract/source writes; no raw secrets or unnecessary customer content
A-003,File storage,Unattached uploads; retention; upload size limits; supported official export/download actions,explicit_read_only_walkthrough_or_owner_official_export,not_performed,,,No payment/DNS/contract/source writes; no raw secrets or unnecessary customer content
A-004,Contracts,Exact template text; active/archive versions; feature bullets; prices; delivered roles; overrides,explicit_read_only_walkthrough_or_owner_official_export,not_performed,,,No payment/DNS/contract/source writes; no raw secrets or unnecessary customer content
A-005,Promotions and offers,Coupons; bulk deals; schedules; stacking; floors; counters; open/accepted negotiations,explicit_read_only_walkthrough_or_owner_official_export,not_performed,,,No payment/DNS/contract/source writes; no raw secrets or unnecessary customer content
A-006,Customers and orders,Export columns; buyer links; money; statuses; original contract links; refund/download evidence,explicit_read_only_walkthrough_or_owner_official_export,not_performed,,,No payment/DNS/contract/source writes; no raw secrets or unnecessary customer content
A-007,Memberships,Plans; eligible tiers; active subscriptions; period boundaries; credit transactions; direct provider ownership,explicit_read_only_walkthrough_or_owner_official_export,not_performed,,,No payment/DNS/contract/source writes; no raw secrets or unnecessary customer content
A-008,Services,Listings; inquiry/fixed pricing; open work; deposits; milestone/revision obligations,explicit_read_only_walkthrough_or_owner_official_export,not_performed,,,No payment/DNS/contract/source writes; no raw secrets or unnecessary customer content
A-009,Kits and collections,Product IDs; license assignments; manifests; file roles; collections member order,explicit_read_only_walkthrough_or_owner_official_export,not_performed,,,No payment/DNS/contract/source writes; no raw secrets or unnecessary customer content
A-010,Merch,Fulfillment provider ownership; variants; pending orders/returns; shipping and tax configuration,explicit_read_only_walkthrough_or_owner_official_export,not_performed,,,No payment/DNS/contract/source writes; no raw secrets or unnecessary customer content
A-011,Content and customization,Navigation; SEO; hero/footer/current SVG; exact colors/fonts; desktop/mobile media constraints,explicit_read_only_walkthrough_or_owner_official_export,not_performed,,,No payment/DNS/contract/source writes; no raw secrets or unnecessary customer content
A-012,Marketing and consent,Provider links; suppression/consent provenance; analytics definitions; cookie controls,explicit_read_only_walkthrough_or_owner_official_export,not_performed,,,No payment/DNS/contract/source writes; no raw secrets or unnecessary customer content
A-013,Buyer and mobile journeys,Login/guest differences; contracts; re-download; offers; membership cancellation; mobile capability,explicit_read_only_walkthrough_or_owner_official_export,not_performed,,,No payment/DNS/contract/source writes; no raw secrets or unnecessary customer content
A-014,Domain and external obligations,DNS/SSL authority; complete zone backup; distribution/publishing/Content ID residual relationships,explicit_read_only_walkthrough_or_owner_official_export,not_performed,,,No payment/DNS/contract/source writes; no raw secrets or unnecessary customer content
