feature_id,module,capability,evidence_status,target_evidence_status,source_ids,implementation_stage,delivery_group,cutover_requirement,target_behavior,acceptance_criteria,dependencies,status,owner
FP-001,storefront,Home and brand navigation,Verified,Recommendation,SRC-004;SRC-020,store_vertical_slice,launch,required,Curated featured tracks; brand navigation; responsive hero; configurable sections,Keyboard and touch navigation work; no unavailable product purchase links,,planned,implementation agent
FP-002,storefront,Beat catalog and shareable filters,Verified,Recommendation,SRC-002;SRC-003;SRC-004,store_vertical_slice,launch,required,Search title/tags; filter BPM/key/genre/mood/type/price; sortable pagination with URL state,Filter combination survives reload/share; drafts never appear,,planned,implementation agent
FP-003,storefront,Track detail pages,Verified,Recommendation,SRC-004,store_vertical_slice,launch,required,Metadata; preview; licenses; related content and canonical share URL,Each public product has stable URL and truthful price/file summary,,planned,implementation agent
FP-004,storefront,Global cart and license selection,Verified,Recommendation,SRC-004;SRC-007,store_vertical_slice,launch,required,Choose tier per item; edit/remove lines; server-priced totals,Client tampering cannot alter prices; unavailable licenses rejected,,planned,implementation agent
FP-005,storefront,License comparison and policy pages,Verified,Recommendation,SRC-004;SRC-007,store_vertical_slice,launch,required,Clear usage and deliverable comparison linked to exact active template,Summaries reconciled to versioned legal text; buyer sees terms before consent,,planned,implementation agent
FP-006,storefront,Collections and albums,Verified,Recommendation,SRC-002;SRC-004;SRC-007,full_replacement,launch,required,Ordered track groups; collection pages; licensed bundle offers,All member products and grants resolve; partial-unavailable collection policy tested,,planned,implementation agent
FP-007,storefront,Sound-kit store,Verified,Recommendation,SRC-004;SRC-016,full_replacement,launch,required,Kit detail; preview playlist; file inventory; format and rights terms,Licensed archive delivered only after entitlement; counts match manifest,,planned,implementation agent
FP-008,storefront,Services storefront,Verified,Recommendation,SRC-004;SRC-015,full_replacement,launch,required,Mixing/mastering; sound-design; custom-production listings with fixed/inquiry flow,Functional inquiry and booking paths; no fake checkout for unconfigured service,,planned,implementation agent
FP-009,storefront,Membership plan pages,Verified,Recommendation,SRC-004;SRC-013,full_replacement,launch,required,Plans expose billing; license eligibility; allowances; renewal/cancel terms,Accurate eligibility and paid-plan lifecycle demonstrated,,planned,implementation agent
FP-010,storefront,Merchandise storefront,Verified,Recommendation,SRC-002;SRC-004,full_replacement,launch,required,Physical product variants; sizing; availability; shipping information,Connected fulfillment source or explicitly documented unavailable catalog; no dead navigation,,planned,implementation agent
FP-011,storefront,Blog and updates,Verified,Recommendation,SRC-004,full_replacement,launch,required,Draft/publish editorial entries; slug and date preservation; homepage feature,Article routes; embeds; sanitization and fresh-content decisions validated,,planned,implementation agent
FP-012,storefront,Video gallery and related video,Verified,Recommendation,SRC-002;SRC-004,full_replacement,launch,required,Curated consent-aware third-party embeds and related-track links,Embed source allowlist; responsive ratio; fallback link works,,planned,implementation agent
FP-013,storefront,About credits and contact,Verified,Recommendation,SRC-004,store_vertical_slice,launch,required,Brand biography; credits; real contact workflow,Contact delivery and spam protection verified; published content owner reviewed,,planned,implementation agent
FP-014,storefront,Search engine and social metadata,Recommendation,Recommendation,SRC-002;SRC-003,store_vertical_slice,launch,required,Per-route metadata; canonical; sitemap; structured music/product data; share cards,Validation passes; unpublished pages excluded; no duplicate canonical targets,,planned,implementation agent
FP-015,storefront,Accessible responsive experience,Decision,Recommendation,SRC-020,foundation,launch,required,Accessible headings; focus; labeled controls; mobile-safe player; reduced motion,Keyboard; screen-reader; contrast; mobile device checks documented,,planned,implementation agent
FP-016,storefront,Share links and embeddable player,Inference,Recommendation,SRC-002;SRC-003,full_replacement,launch,required,Stable track/collection URLs; admin copy-share; embeddable tagged-preview widget,Copied links load public record; embed exposes no master or private metadata,,planned,implementation agent
FP-017,storefront,Installable web app,Recommendation,Recommendation,SRC-002;SRC-003,full_replacement,launch,required,Manifest; icons; install guidance; offline shell if useful,Install tested on supported mobile browsers; no promise of universal background behavior,,planned,implementation agent
FP-018,player,Persistent playback across navigation,Inference,Recommendation,SRC-002;SRC-003,store_vertical_slice,launch,required,Single audio element and queue survive client navigation,Navigation does not restart or double-play audio,,planned,implementation agent
FP-019,player,Waveform and seek,Inference,Recommendation,SRC-002;SRC-003,store_vertical_slice,launch,required,Precomputed waveform peaks from approved preview; seek keyboard/touch controls,Duration/seek sync within tolerance; master never fetched for visualization,,planned,implementation agent
FP-020,player,Queue next previous and repeat,Inference,Recommendation,SRC-002;SRC-003,store_vertical_slice,launch,required,Queue actions; auto-next; repeat and volume/mute,Queue reorder/removal and ended-state behavior tested,,planned,implementation agent
FP-021,player,A/B section loop,Inference,Recommendation,SRC-002;SRC-003,full_replacement,launch,required,Define and clear section loop with visible bounds,Loop obeys bounds; invalid ranges rejected; keyboard controls available,,planned,implementation agent
FP-022,player,Preview speed and pitch controls,Inference,Recommendation,SRC-003,full_replacement,launch,required,Speed adjustment; pitch behavior explicitly indicated,Reset works; supported browsers tested; no pitch-preservation promise without evidence,,planned,implementation agent
FP-023,player,Mobile media session controls,Recommendation,Recommendation,SRC-003,full_replacement,launch,required,Metadata and transport integration where browser supports it,Real iOS/Safari and Android behavior captured with documented fallbacks,,planned,implementation agent
FP-024,player,Preview access separation,Recommendation,Recommendation,SRC-002;SRC-003,foundation,launch,required,Only approved tagged derivative is streamable; private masters and stems stay private,Unauthenticated master/stem requests fail; cache and range requests tested,,planned,implementation agent
FP-025,player,Streaming abuse controls,Recommendation,Recommendation,SRC-002;SRC-003,store_vertical_slice,launch,required,Rate limiting and short-lived preview access; truthful limitations,Expired signatures rejected; previews understood to remain recordable,,planned,implementation agent
FP-026,player,Advanced HLS and casting,Recommendation,Recommendation,SRC-002;SRC-003,enhancement,postlaunch,optional,Evaluate adaptive streaming/casting against measured benefit,No mandatory HLS complexity without latency/bandwidth evidence,,planned,implementation agent
FP-027,admin,Admin identity and role separation,Decision,Recommendation,SRC-020,foundation,launch,required,Authenticated server-enforced admin roles; audit events; privileged recovery,Buyer cannot call admin APIs; unauthenticated writes denied; secrets remain server-only,,planned,implementation agent
FP-028,admin,Dashboard and operational health,Inference,Recommendation,SRC-002;SRC-003,full_replacement,launch,required,Actual sales/processing/download/recent-customer data with date scopes,Financial cards reconcile to ledger; demo values explicitly separated,,planned,implementation agent
FP-029,admin,Track metadata editor,Verified,Recommendation,SRC-006;SRC-011,store_vertical_slice,launch,required,Create/edit title; slug; BPM; key; taxonomy; description; rights; visibility,Validation errors retained; save/reload works; publication needs mandatory evidence,,planned,implementation agent
FP-030,admin,Upload master preview artwork stems,Verified,Recommendation,SRC-006,store_vertical_slice,launch,required,Resumable object upload with explicit role selection and progress,Interrupted upload resumes; private assets never receive public ACL,,planned,implementation agent
FP-031,admin,Voice-tag and metadata defaults,Verified,Recommendation,SRC-011,full_replacement,launch,required,Reusable admin presets for tags; metadata and license assignments,Defaults apply only as intended; existing products not silently changed,,planned,implementation agent
FP-032,admin,Draft scheduled private unlisted publishing,Verified,Recommendation,SRC-002;SRC-011,store_vertical_slice,launch,required,Visibility state machine and UTC schedule; unpublished preview link,No accidental publication by import default; scheduler is idempotent,,planned,implementation agent
FP-033,admin,Bulk edit catalog and licensing,Verified,Recommendation,SRC-003;SRC-008,full_replacement,launch,required,Preview changes; scoped bulk prices/assignments/taxonomy/visibility,Exact affected IDs shown; operation auditable and restartable,,planned,implementation agent
FP-034,admin,Media library and unattached upload lifecycle,Inference,Recommendation,SRC-002,full_replacement,launch,required,File-role inventory; orphan review; retention policy; quotas,Delete cannot remove asset required by retained contract or entitlement,,planned,implementation agent
FP-035,admin,Collaborator and rights management,Verified,Recommendation,SRC-003;SRC-006,full_replacement,launch,required,Separate revenue splits; publishing shares; ownership and rights evidence,Effective revisions reconcile; totals and approval status validated,,planned,implementation agent
FP-036,admin,License editor and assignments,Verified,Recommendation,SRC-007;SRC-008,store_vertical_slice,launch,required,Versioned templates; display bullets; deliverable maps; default and per-track price,Sold versions immutable; assignment and displayed summary agree,,planned,implementation agent
FP-037,admin,Product family editors,Verified,Recommendation,SRC-002;SRC-013;SRC-015;SRC-016,full_replacement,launch,required,Edit collections; kits; services; memberships; merch sync metadata,Type-specific validation; publishing and archive behavior documented,,planned,implementation agent
FP-038,admin,Content and site editor,Inference,Recommendation,SRC-001;SRC-002,full_replacement,launch,required,Navigation; section order; logos/media; text; SEO; preview then publish,Preview does not mutate public configuration; assets retain aspect ratio,,planned,implementation agent
FP-039,admin,Share and release workflow,Decision,Recommendation,SRC-020,store_vertical_slice,launch,required,Copy public release URL; share card; draft review and publish status,Share URL matches current visibility; no draft data leaked,,planned,implementation agent
FP-040,admin,Orders customers contracts and refunds,Inference,Recommendation,SRC-002;SRC-003,full_replacement,launch,required,Scoped search; payment/contract/download status; evidence and export,Server authorization and audit for sensitive views/actions; provider status reconciled,,planned,implementation agent
FP-041,admin,Mobile admin workflow,Inference,Recommendation,SRC-002;SRC-003,full_replacement,launch,required,Responsive upload; edit; publish; share and order lookup,Complete core workflow on phone without horizontal overflow or inaccessible controls,,planned,implementation agent
FP-042,ingest,Immutable originals and asset revisions,Recommendation,Recommendation,SRC-003,foundation,launch,required,Hash original bytes; immutable revision and explicit derivative lineage,Replacement cannot alter a sold asset binding; hash verification detects drift,,planned,implementation agent
FP-043,ingest,Audio inspection and safe transcodes,Recommendation,Recommendation,SRC-002;SRC-003,store_vertical_slice,launch,required,Probe codec/duration/channels; generate delivery derivatives without changing originals,Corrupt media rejected; output decodes; master remains bit-identical,,planned,implementation agent
FP-044,ingest,Deterministic tagged preview generation,Verified,Recommendation,SRC-006;SRC-011,store_vertical_slice,launch,required,Approved voice tag and render recipe create preview plus provenance,Tag audible per approved recipe; idempotent retry; no unintended master replacement,,planned,implementation agent
FP-045,ingest,Peaks and artwork derivatives,Recommendation,Recommendation,SRC-002;SRC-003,store_vertical_slice,launch,required,Precompute peaks and responsive image variants; preserve originals,Waveform duration matches preview; images retain aspect/focal point,,planned,implementation agent
FP-046,ingest,Safe archive ingestion,Recommendation,Recommendation,SRC-002;SRC-003,foundation,launch,required,Quarantine ZIP/RAR; reject traversal; oversized expansion; unsafe entries; scan files,Hostile fixtures rejected; per-file hash manifest reconciles,,planned,implementation agent
FP-047,ingest,Durable jobs and failure handling,Recommendation,Recommendation,SRC-002;SRC-003,foundation,launch,required,Idempotency; retries; dead-letter visibility; operator replay,Worker crash and replay do not duplicate media or publish incomplete content,,planned,implementation agent
FP-048,ingest,Automatic BPM key and metadata suggestions,Verified,Recommendation,SRC-006;SRC-011,enhancement,postlaunch,optional,Suggestions separated from owner-approved metadata,Manual override preserved; confidence shown; no automatic rights claims,,planned,implementation agent
FP-049,licensing,Immutable license versions and SKU offers,Verified,Recommendation,SRC-007;SRC-008,foundation,launch,required,Tier/version distinct from sellable offer and grant; exact deliverables per asset revision,Old order displays old terms after new template publication,,planned,implementation agent
FP-050,licensing,Buyer-specific contract generation,Verified,Recommendation,SRC-002;SRC-007,store_vertical_slice,launch,required,Exact accepted template+variables; generated artifact; hash and audit,Buyer/order/product/template/price traceable; template injection escaped,,planned,implementation agent
FP-051,licensing,Checkout term acceptance snapshot,Recommendation,Recommendation,SRC-003,store_vertical_slice,launch,required,Record presented version and buyer assent before payment finalization,Terms changed after quote trigger refresh/reacceptance; immutable acceptance evidence,,planned,implementation agent
FP-052,licensing,Non-exclusive grant preservation,Inference,Recommendation,SRC-002;SRC-003,foundation,launch,required,Durable grant survives later exclusive sale according to its actual agreement,Exclusive sale does not silently revoke earlier grants,,planned,implementation agent
FP-053,licensing,Atomic exclusive inventory,Verified,Recommendation,SRC-022,store_vertical_slice,launch,required,One authoritative serialized inventory point; reservation; paid finalization; retirement,Concurrent exclusive attempts produce at most one grant; stale quote and late payment paths handled,,planned,implementation agent
FP-054,licensing,Exclusive rights semantics,Unresolved,Recommendation,SRC-002;SRC-003;SRC-023,foundation,launch,required,Actual counsel-reviewed template determines license versus copyright transfer,No hard-coded assumption that all exclusives transfer master ownership,,planned,implementation agent
FP-055,licensing,Free promotional and commercial grants,Verified,Recommendation,SRC-010;SRC-011;SRC-021,full_replacement,launch,required,Differentiate free preview download from noncommercial/commercial license grants,Explicit accepted terms; royalty fields; no implicit marketing consent,,planned,implementation agent
FP-056,licensing,Offers negotiations and expiry,Verified,Recommendation,SRC-012,full_replacement,launch,required,Buyer offer; seller counter/accept/decline; offer deadline; price snapshot,Only intended buyer can pay accepted offer; expiration and inventory rechecked,,planned,implementation agent
FP-057,licensing,License upgrades,Recommendation,Recommendation,SRC-003,enhancement,postlaunch,optional,Reviewed upgrade price and rights transition preserving original evidence,Proration policy approved and tested; no duplicate exclusive grant,,planned,implementation agent
FP-058,licensing,Electronic signature provider integration,Recommendation,Recommendation,SRC-003,full_replacement,launch,required,Use approved acceptance/signature mechanism for relevant contract types,Legal sufficiency and evidence retention reviewed; signature not cosmetic text field,,planned,implementation agent
FP-059,licensing,Receipt or license verification,Recommendation,Recommendation,SRC-003,enhancement,postlaunch,optional,Minimal opaque-token verification with no buyer PII exposure,Enumeration and unauthorized disclosure tests pass,,planned,implementation agent
FP-060,payments,Server-authoritative multi-line checkout,Inference,Recommendation,SRC-002;SRC-003,store_vertical_slice,launch,required,Integer minor units; currency; price/version checks; deterministic quote,Invalid quantities/currencies rejected; totals reproduced from snapshot,,planned,implementation agent
FP-061,payments,Cards Apple Pay and Google Pay,Inference,Recommendation,SRC-002;SRC-003,store_vertical_slice,launch,required,Hosted/tokenized processor flow according to chosen provider and eligibility,Sandbox happy/failure/async flows verified; no raw card data reaches app,,planned,implementation agent
FP-062,payments,PayPal parity,Inference,Recommendation,SRC-002;SRC-003,full_replacement,launch,required,Gateway adapter for PayPal purchase if included in confirmed active parity scope,Signed provider events; duplicate handling and refunds tested; account verified,,planned,implementation agent
FP-063,payments,Merchant tax and operating entity,Unresolved,Recommendation,SRC-003;SRC-019,foundation,launch,required,Explicit merchant entity; processor/MoR choice; product eligibility; tax responsibility,Decision resolves Managed Payments versus direct Payments/Connect conflict,,planned,implementation agent
FP-064,payments,Idempotent signed webhook processing,Recommendation,Recommendation,SRC-003,foundation,launch,required,Verify raw-body signature; inbox dedupe; server/provider paid confirmation; outbox jobs,Duplicate/out-of-order/late/unpaid events never duplicate grant or prematurely deliver,,planned,implementation agent
FP-065,payments,Coupons and scheduled promotions,Verified,Recommendation,SRC-009,full_replacement,launch,required,Scoped eligible offers; dates; limits; explicit stacking and currency rules,Golden carts; concurrent last-redemption test; server computes discount,,planned,implementation agent
FP-066,payments,Automatic bulk deals and bundles,Verified,Recommendation,SRC-004;SRC-003,full_replacement,launch,required,Buy-X-get-Y and bundle rules; deterministic line allocation and rounding,Golden carts reproduce agreed thresholds; refund allocation reconciles,,planned,implementation agent
FP-067,payments,Tax calculation and receipts,Recommendation,Recommendation,SRC-003;SRC-019,store_vertical_slice,launch,required,Chosen tax service; saved jurisdiction/rate/tax basis; merchant receipt,Provider totals reconcile; unsupported tax setup blocks real checkout,,planned,implementation agent
FP-068,payments,Refund and dispute lifecycle,Inference,Recommendation,SRC-002;SRC-003,store_vertical_slice,launch,required,Provider-confirmed refunds; evidence; entitlement disposition according to policy,Partial/full refunds idempotent; no automatic legal revocation without policy,,planned,implementation agent
FP-069,payments,Collaborator revenue accounting,Inference,Recommendation,SRC-002;SRC-003,full_replacement,launch,required,Append-only allocations with effective split version; payout reconciliation,Allocations equal distributable amount; refund reversal and rounding tested,,planned,implementation agent
FP-070,payments,Automated collaborator payouts,Recommendation,Recommendation,SRC-003,enhancement,postlaunch,optional,Approved payout provider and tax onboarding without raw financial credentials,Provider eligibility and negative/refund flows verified,,planned,implementation agent
FP-071,payments,Cryptocurrency checkout,Recommendation,Recommendation,SRC-002;SRC-003,enhancement,postlaunch,optional,Hosted provider adapter after currency/entity/refund policy decisions,Underpayment; overpayment; timeout; confirmation; refund cases tested,,planned,implementation agent
FP-072,payments,BAT Polygon or on-chain receipt,Recommendation,Recommendation,SRC-003,enhancement,postlaunch,optional,Separate opt-in research; no token interpreted as copyright ownership,No production transaction until explicit approved scope and legal/operational treatment,,planned,implementation agent
FP-073,delivery,Entitlement-controlled downloads,Inference,Recommendation,SRC-002;SRC-003,store_vertical_slice,launch,required,Buyer+grant+exact asset revision required before signed URL mint,IDOR; expired links; revoked access; master disclosure tested,,planned,implementation agent
FP-074,delivery,Buyer history contracts and re-download,Inference,Recommendation,SRC-002;SRC-003,store_vertical_slice,launch,required,Permanent order record and new short-lived links while entitlement remains valid,Link expiry does not itself expire grant; buyer only sees own purchases,,planned,implementation agent
FP-075,delivery,Receipt and fulfillment notifications,Inference,Recommendation,SRC-002;SRC-003,store_vertical_slice,launch,required,Durable outbox; deduped email with account/receipt link,Paid-but-email-failed recovery proven; no secrets in message,,planned,implementation agent
FP-076,delivery,Download evidence and retention,Inference,Recommendation,SRC-003,store_vertical_slice,launch,required,Privacy-minimized access events with asset revision and outcome,Logging failure handled; retention policy and dispute export verified,,planned,implementation agent
FP-077,delivery,Large stems and bundle delivery,Inference,Recommendation,SRC-002;SRC-003,full_replacement,launch,required,Prebuilt validated archives; range/resume where supported; clear file sizes,Large archive complete/hash tested; signed-link retry documented,,planned,implementation agent
FP-078,account,Buyer login recovery and guest claim,Inference,Recommendation,SRC-002;SRC-003,store_vertical_slice,launch,required,Secure identity; magic-link/session recovery; guest policy explicit,Unverified email cannot claim another buyer history; enumeration protection,,planned,implementation agent
FP-079,account,Favorites playlists and lyrics,Inference,Recommendation,SRC-002;SRC-003,full_replacement,launch,required,Private saved tracks/playlists and lyric notes with export/delete,Owner authorization enforced; no loss on navigation; user sharing opt-in,,planned,implementation agent
FP-080,account,Buyer messaging and notifications,Inference,Recommendation,SRC-002;SRC-003,full_replacement,launch,required,Order/inquiry threads; notifications; spam and abuse control,Cross-buyer access denied; attachment scanning and retention covered,,planned,implementation agent
FP-081,account,Marketing consent preferences,Recommendation,Recommendation,SRC-003,foundation,launch,required,Purpose/source/time/policy-specific consent; unknown remains unknown,Imported customer is not automatically subscribed; unsubscribe honored,,planned,implementation agent
FP-082,account,Customer export deletion retention,Recommendation,Recommendation,SRC-002;SRC-003,full_replacement,launch,required,Verified requests; permitted deletion; retained accounting/contract obligations separated,Cross-system request receipt and completion evidence documented,,planned,implementation agent
FP-083,memberships,Plan and subscription lifecycle,Verified,Recommendation,SRC-013;SRC-014,full_replacement,launch,required,Versioned plan; signup; billing; dunning; cancellation and status sync,Renewal/failure/cancel/rejoin tested; old plan commitments preserved,,planned,implementation agent
FP-084,memberships,Credit ledger and redemption,Verified,Recommendation,SRC-013;SRC-014,full_replacement,launch,required,Period-based grants and debits; eligibility by license/product; no exclusive redemption,Concurrent last-credit redemption cannot overspend; replay cannot double-grant,,planned,implementation agent
FP-085,memberships,Legacy subscription continuity,Unresolved,Recommendation,SRC-004;SRC-014,full_replacement,launch,required,Provider ownership audit; safe carryover or explicit transition preserving paid period,No duplicate billing; subscriber totals/balances reconcile; active obligations covered,,planned,implementation agent
FP-086,services,Inquiry quote and booking,Verified,Recommendation,SRC-015,full_replacement,launch,required,Brief; quote; acceptance; fixed-rate or inquiry path,Submitted inquiry reaches admin; quoted scope and price immutable on acceptance,,planned,implementation agent
FP-087,services,Deposits milestones revisions and delivery,Recommendation,Recommendation,SRC-002;SRC-003,full_replacement,launch,required,Service project states; secure client files; milestone payments; revision count,No completion before required payment; private deliverables and audit evidence tested,,planned,implementation agent
FP-088,merch,Fulfillment shipping and returns,Inference,Recommendation,SRC-002,full_replacement,launch,required,Provider sync; variant inventory; shipping/tax; tracking; return policy,Controlled test order; webhook replay; failed fulfillment/refund path verified,,planned,implementation agent
FP-089,analytics,Sales catalog and conversion reporting,Inference,Recommendation,SRC-002;SRC-003,full_replacement,launch,required,Definitions distinguish plays; qualified listens; gross/net/tax/refund; consent-aware funnel,Dashboard money matches ledger; bot/replay handling and date zones specified,,planned,implementation agent
FP-090,analytics,First-party customer segmentation and export,Inference,Recommendation,SRC-002;SRC-003,full_replacement,launch,required,Scoped customer/order segmentation and privacy-minimized exports,Consent and role checks; no sensitive data in public analytics,,planned,implementation agent
FP-091,analytics,Email marketing integration,Inference,Recommendation,SRC-002;SRC-003,full_replacement,launch,required,Provider sync for explicit opt-in audiences and transactional separation,Unsubscribe/suppression sync; consent evidence; no automatic send from migration,,planned,implementation agent
FP-092,analytics,Abandoned cart and advanced CRM,Recommendation,Recommendation,SRC-003,enhancement,postlaunch,optional,Consent-qualified automation with truthful identity attribution,Approved audience; suppression; attribution and retention tests,,planned,implementation agent
FP-093,analytics,Affiliate referral program,Recommendation,Recommendation,SRC-003,enhancement,postlaunch,optional,Attribution; commission ledger; fraud controls; payouts,Attribution and refund clawbacks verified; no claim this is current BeatStars parity,,planned,implementation agent
FP-094,integrations,Distribution and publishing handoff,Recommendation,Recommendation,SRC-003,enhancement,postlaunch,optional,Metadata/export hooks to chosen providers; preserve historic relationships,No claim DSP delivery or publishing administration is rebuilt,,planned,implementation agent
FP-095,integrations,Content ID legacy obligations,Verified,Recommendation,SRC-018,full_replacement,launch,required,Inventory existing contracts and residual royalties; record wind-down; evaluate replacement separately,No active new-submission feature falsely advertised; actual enrollment unknown resolved,,planned,implementation agent
FP-096,integrations,Third-party marketplace discovery,Recommendation,Recommendation,SRC-003,enhancement,postlaunch,optional,Optional coexistence strategy and attribution for external discovery,No promise to replicate BeatStars audience/network; exclusive authority remains singular,,planned,implementation agent
FP-097,migration,Source provenance and private export inventory,Recommendation,Recommendation,SRC-001;SRC-002;SRC-003,foundation,launch,required,Hashed immutable sources; source ID; capture date; field lineage,Every imported class has valid source and evidence; no raw customer records in git,,planned,implementation agent
FP-098,migration,Dry-run idempotent import and reconciliation,Recommendation,Recommendation,SRC-003,full_replacement,launch,required,Staging; duplicate detection; restartable batches; field-level diff and exact counts,Repeat/resume no duplicates; unexplained money/hash/status delta blocks,,planned,implementation agent
FP-099,migration,Historic orders and contract preservation,Recommendation,Recommendation,SRC-002;SRC-003,foundation,launch,required,Archive originals; archive_only default; verified grant policy before new entitlement,No synthesized historical contracts; exact buyer/order/asset links proven,,planned,implementation agent
FP-100,migration,Legacy URL redirects and domain continuity,Verified,Recommendation,SRC-004;SRC-005,full_replacement,launch,required,Seller-controlled URL map; host authority verified; redirect tests; old platform exceptions,One-hop redirect/canonical; DNS zone and mail records preserved,,planned,implementation agent
FP-101,migration,Delta capture and exclusivity authority,Recommendation,Recommendation,SRC-003,full_replacement,launch,required,Source watermark; freeze or reconcile delta; one checkout/inventory authority,No missing post-snapshot sales/refunds; no concurrent exclusive sale paths,,planned,implementation agent
FP-102,operations,Backups restore observability and rollback,Recommendation,Recommendation,SRC-002;SRC-003,foundation,launch,required,DB/object backup; restore exercise; alerting; incident and cutover runbooks,Restore and rollback rehearsed; payment/webhook alarms proven,,planned,implementation agent
FP-103,operations,Security accessibility and launch evidence,Recommendation,Recommendation,SRC-002;SRC-003,full_replacement,launch,required,Review auth/storage/payment boundaries; browser QA; limits; incident ownership,Critical issues closed; actual result artifacts and launch signoff retained,,planned,implementation agent
