route_id,source_host,source_path,proposed_target_path,source_ids,evidence_status,verification_status,control_status,redirect_policy
URL-001,www.vasey.audio,/,/,SRC-004,Recommendation,needs_live_browser_and_catalog_export,owner_control_not_yet_verified,same path if retained; otherwise one-hop 301 after approval; buyer routes require safe auth handling
URL-002,www.vasey.audio,/music/tracks,/beats,SRC-005,Recommendation,needs_live_browser_and_catalog_export,owner_control_not_yet_verified,same path if retained; otherwise one-hop 301 after approval; buyer routes require safe auth handling
URL-003,www.vasey.audio,/music/albums,/collections,SRC-005,Recommendation,needs_live_browser_and_catalog_export,owner_control_not_yet_verified,same path if retained; otherwise one-hop 301 after approval; buyer routes require safe auth handling
URL-004,www.vasey.audio,/music/collections,/collections,SRC-002,Recommendation,needs_live_browser_and_catalog_export,owner_control_not_yet_verified,same path if retained; otherwise one-hop 301 after approval; buyer routes require safe auth handling
URL-005,www.vasey.audio,/sound-kits,/kits,SRC-004,Recommendation,needs_live_browser_and_catalog_export,owner_control_not_yet_verified,same path if retained; otherwise one-hop 301 after approval; buyer routes require safe auth handling
URL-006,www.vasey.audio,/services,/services,SRC-005,Recommendation,needs_live_browser_and_catalog_export,owner_control_not_yet_verified,same path if retained; otherwise one-hop 301 after approval; buyer routes require safe auth handling
URL-007,www.vasey.audio,/merch,/merch,SRC-005,Recommendation,needs_live_browser_and_catalog_export,owner_control_not_yet_verified,same path if retained; otherwise one-hop 301 after approval; buyer routes require safe auth handling
URL-008,www.vasey.audio,/memberships,/memberships,SRC-005,Recommendation,needs_live_browser_and_catalog_export,owner_control_not_yet_verified,same path if retained; otherwise one-hop 301 after approval; buyer routes require safe auth handling
URL-009,www.vasey.audio,/videos,/videos,SRC-004,Recommendation,needs_live_browser_and_catalog_export,owner_control_not_yet_verified,same path if retained; otherwise one-hop 301 after approval; buyer routes require safe auth handling
URL-010,www.vasey.audio,/blog,/updates,SRC-004,Recommendation,needs_live_browser_and_catalog_export,owner_control_not_yet_verified,same path if retained; otherwise one-hop 301 after approval; buyer routes require safe auth handling
URL-011,www.vasey.audio,/about,/about,SRC-004,Recommendation,needs_live_browser_and_catalog_export,owner_control_not_yet_verified,same path if retained; otherwise one-hop 301 after approval; buyer routes require safe auth handling
URL-012,www.vasey.audio,/contact,/contact,SRC-004,Recommendation,needs_live_browser_and_catalog_export,owner_control_not_yet_verified,same path if retained; otherwise one-hop 301 after approval; buyer routes require safe auth handling
URL-013,www.vasey.audio,/licensing-info,/licensing,SRC-005,Recommendation,needs_live_browser_and_catalog_export,owner_control_not_yet_verified,same path if retained; otherwise one-hop 301 after approval; buyer routes require safe auth handling
URL-014,www.vasey.audio,/terms-of-use,/terms,SRC-002,Recommendation,needs_live_browser_and_catalog_export,owner_control_not_yet_verified,same path if retained; otherwise one-hop 301 after approval; buyer routes require safe auth handling
URL-015,www.vasey.audio,/privacy-policy,/privacy,SRC-002,Recommendation,needs_live_browser_and_catalog_export,owner_control_not_yet_verified,same path if retained; otherwise one-hop 301 after approval; buyer routes require safe auth handling
URL-016,www.vasey.audio,/account/purchases,/account/purchases,SRC-002,Recommendation,needs_live_browser_and_catalog_export,owner_control_not_yet_verified,same path if retained; otherwise one-hop 301 after approval; buyer routes require safe auth handling
URL-017,www.vasey.audio,/account/offers,/account/offers,SRC-002,Recommendation,needs_live_browser_and_catalog_export,owner_control_not_yet_verified,same path if retained; otherwise one-hop 301 after approval; buyer routes require safe auth handling
URL-018,www.vasey.audio,/account/membership,/account/membership,SRC-002,Recommendation,needs_live_browser_and_catalog_export,owner_control_not_yet_verified,same path if retained; otherwise one-hop 301 after approval; buyer routes require safe auth handling
URL-019,www.vasey.audio,/account/faves,/account/favorites,SRC-002,Recommendation,needs_live_browser_and_catalog_export,owner_control_not_yet_verified,same path if retained; otherwise one-hop 301 after approval; buyer routes require safe auth handling
URL-020,www.vasey.audio,/account/lyrics,/account/lyrics,SRC-002,Recommendation,needs_live_browser_and_catalog_export,owner_control_not_yet_verified,same path if retained; otherwise one-hop 301 after approval; buyer routes require safe auth handling
