mapping_id,source_field_or_class,source_locator,source_system,target_model,transform,validation,asset_role,acquisition_method,source_identifier,acquired_at,source_watermark,source_sha256,evidence_status,priority,rollback_relevance
M-001,Legacy product ID and title,Studio track list/editor,BeatStars / seller-owned originals,Product + LegacyIdentity,Retain raw ID/title; create unique target ID,Source IDs unique; title text preserved,metadata,official_export_or_authorized_read_only_audit,capture_at_acquisition,not_acquired,not_acquired,not_acquired,Unresolved,launch,retain_source_id_and_raw_value
M-002,Legacy slug and public URL,Seller-controlled public product routes,BeatStars / seller-owned originals,LegacyUrl + Redirect,Retain full host/path/query policy; unique canonical target,Route status; host authority; no chains or loops,metadata,official_export_or_authorized_read_only_audit,capture_at_acquisition,not_acquired,not_acquired,not_acquired,Unresolved,launch,retain_source_id_and_raw_value
M-003,Untagged master WAV/AIFF,Seller studio original or official download,BeatStars / seller-owned originals,AssetRevision,Immutable bytes; SHA-256; inspected media metadata,ffprobe decode; duration/channels/sample rate; no role guessed from name,master,seller_owned_original_preferred,capture_at_acquisition,not_acquired,not_acquired,not_acquired,Unresolved,launch,retain_immutable_original_and_hash
M-004,Tagged preview audio,Official selected preview or seller original,BeatStars / seller-owned originals,AssetRevision + DerivativeRecipe,Preserve approved preview; regenerate only with explicit versioned recipe,Audible tag; codec/duration; no master exposure,preview,seller_owned_original_or_official_download,capture_at_acquisition,not_acquired,not_acquired,not_acquired,Unresolved,launch,retain_source_id_and_raw_value
M-005,Delivery MP3/WAV/other roles,Track file assignments and licenses,BeatStars / seller-owned originals,AssetRevision + OfferDeliverable,Map each deliverable role to exact revision,Role explicitly attested; exact SKU license grant binding,delivery,official_export_or_authorized_read_only_audit,capture_at_acquisition,not_acquired,not_acquired,not_acquired,Unresolved,launch,retain_source_id_and_raw_value
M-006,Stems archive,Studio file assignment / seller originals,BeatStars / seller-owned originals,AssetRevision + ArchiveManifest,Quarantine; scan; preserve original; optional normalized derivative,Traversal/bomb/unsafe names rejected; count/hash/decode inventory,stems,seller_owned_original_preferred,capture_at_acquisition,not_acquired,not_acquired,not_acquired,Unresolved,launch,retain_source_id_and_raw_value
M-007,Artwork original,Studio media / seller design originals,BeatStars / seller-owned originals,AssetRevision + Artwork,Keep source profile/aspect; create responsive derivatives,SHA-256; expected dimensions; alt/focal point reviewed,artwork,seller_owned_original_preferred,capture_at_acquisition,not_acquired,not_acquired,not_acquired,Unresolved,launch,retain_source_id_and_raw_value
M-008,BPM and key,Track metadata,BeatStars / seller-owned originals,TrackMetadata,Retain raw; normalize BPM and key without forcing guess,Range and enum; unknown remains unknown,metadata,official_export_or_authorized_read_only_audit,capture_at_acquisition,not_acquired,not_acquired,not_acquired,Unresolved,launch,retain_source_id_and_raw_value
M-009,Genre mood tags instruments energy vocals,Track metadata,BeatStars / seller-owned originals,TaxonomyAssignment,Retain raw and source order; map controlled terms,No silent dropped tags; exception report,metadata,official_export_or_authorized_read_only_audit,capture_at_acquisition,not_acquired,not_acquired,not_acquired,Unresolved,launch,retain_source_id_and_raw_value
M-010,Duration audio format and technical metadata,Audio file and track editor,BeatStars / seller-owned originals,MediaInspection,Measure file; retain source display duration separately,Difference tolerance; decode and units,metadata,official_export_or_authorized_read_only_audit,capture_at_acquisition,not_acquired,not_acquired,not_acquired,Unresolved,launch,retain_source_id_and_raw_value
M-011,Description credits lyrics and related video,Track metadata / buyer notes,BeatStars / seller-owned originals,TrackContent / PrivateLyricNote,Sanitize rich text; enforce public/private separation,No private lyrics published; allowed embeds only,metadata,official_export_or_authorized_read_only_audit,capture_at_acquisition,not_acquired,not_acquired,not_acquired,Unresolved,launch,retain_source_id_and_raw_value
M-012,Visibility and publication state,Track editor and listing,BeatStars / seller-owned originals,Publication,Map draft/private/unlisted/public/sold; conservative fallback,Draft/private not made public; source sold state preserved,metadata,official_export_or_authorized_read_only_audit,capture_at_acquisition,not_acquired,not_acquired,not_acquired,Unresolved,launch,retain_source_id_and_raw_value
M-013,Created release scheduled and updated times,Track editor/export,BeatStars / seller-owned originals,Publication + SourceSnapshot,Retain source timezone; normalize UTC with provenance,No assumed timezone; schedule visible at exact expected instant,metadata,official_export_or_authorized_read_only_audit,capture_at_acquisition,not_acquired,not_acquired,not_acquired,Unresolved,launch,retain_source_id_and_raw_value
M-014,Sample/loop clearance and rights declarations,Seller executed agreements and track claims,BeatStars / seller-owned originals,RightsDeclaration + EvidenceDocument,Attach evidence hashes and qualified disposition,Unclear rights blocks publication,rights_evidence,seller_owned_executed_documents,capture_at_acquisition,not_acquired,not_acquired,not_acquired,Unresolved,launch,retain_source_id_and_raw_value
M-015,Collaborator identity and invitations,Collaborations editor,BeatStars / seller-owned originals,Contributor + LegacyIdentity,Retain original identity; no ambiguous auto-merge,Contributor attestation and duplicate report,metadata,official_export_or_authorized_read_only_audit,capture_at_acquisition,not_acquired,not_acquired,not_acquired,Unresolved,launch,retain_source_id_and_raw_value
M-016,Revenue splits,Collaborator revenue assignment,BeatStars / seller-owned originals,RevenueSplitVersion,Integer basis points; effective date; owner approval,Sum/remainder rules; rounding; approvals; never treat as publishing,metadata,official_export_or_authorized_read_only_audit,capture_at_acquisition,not_acquired,not_acquired,not_acquired,Unresolved,launch,retain_source_id_and_raw_value
M-017,Publishing shares and copyright ownership,Executed splits/agreements,BeatStars / seller-owned originals,PublishingShareVersion + OwnershipClaim,Keep distinct legal concepts and raw documents,Qualified review; evidence and effective dates,metadata,official_export_or_authorized_read_only_audit,capture_at_acquisition,not_acquired,not_acquired,not_acquired,Unresolved,launch,retain_source_id_and_raw_value
M-018,License ID type name and text,Official contract exports / editor,BeatStars / seller-owned originals,LicenseTemplateVersion,Preserve text bytes and hash; normalize variables only after reviewed diff,Exact text; source ID; version; active/archived state,license_source,official_export_or_preserved_contract_source,capture_at_acquisition,not_acquired,not_acquired,not_acquired,Unresolved,launch,retain_source_id_and_raw_value
M-019,License display bullets and usage constraints,Contract feature editor,BeatStars / seller-owned originals,LicenseSummary + StructuredConstraints,Reviewed mapping; text remains authority,Every summary/constraint compared to accepted template,metadata,official_export_or_authorized_read_only_audit,capture_at_acquisition,not_acquired,not_acquired,not_acquired,Unresolved,launch,retain_source_id_and_raw_value
M-020,Default license price and currency,Contracts/pricing,BeatStars / seller-owned originals,OfferPriceVersion,Integer minor units; ISO currency; source effective date,No floating point; currency-specific exponent; exact match,metadata,official_export_or_authorized_read_only_audit,capture_at_acquisition,not_acquired,not_acquired,not_acquired,Unresolved,launch,retain_source_id_and_raw_value
M-021,Per-track tier price and enablement,Track monetization,BeatStars / seller-owned originals,ProductOffer,Apply explicit override precedence; preserve disabled state,Public offer and price match captured source snapshot,metadata,official_export_or_authorized_read_only_audit,capture_at_acquisition,not_acquired,not_acquired,not_acquired,Unresolved,launch,retain_source_id_and_raw_value
M-022,Per-license delivered file roles,License and track assignments,BeatStars / seller-owned originals,OfferDeliverable,Resolve role to immutable revision,No missing/ambiguous master/MP3/stems mapping,metadata,official_export_or_authorized_read_only_audit,capture_at_acquisition,not_acquired,not_acquired,not_acquired,Unresolved,launch,retain_source_id_and_raw_value
M-023,Exclusive state and prior grants,Paid orders and track sold/visibility,BeatStars / seller-owned originals,ExclusiveInventory + LicenseGrant,Reconcile inventory to paid agreements; retain past leases,Single sale authority; no prior grant revocation,metadata,official_export_or_authorized_read_only_audit,capture_at_acquisition,not_acquired,not_acquired,not_acquired,Unresolved,launch,retain_source_id_and_raw_value
M-024,Free-download commercial terms and gate,Free download monetization settings,BeatStars / seller-owned originals,FreeGrantPolicy + ConsentPurpose,Separate noncommercial/commercial and marketing consent,Name/email acceptance evidence where applicable; unknown consent stays unknown,metadata,official_export_or_authorized_read_only_audit,capture_at_acquisition,not_acquired,not_acquired,not_acquired,Unresolved,launch,retain_source_id_and_raw_value
M-025,Coupon code schedule scope and limits,Promotions export/editor,BeatStars / seller-owned originals,PromotionRule,Normalize condition/effect/scope/start/end/limit,Golden carts; case/timezone; usage count verified,metadata,official_export_or_authorized_read_only_audit,capture_at_acquisition,not_acquired,not_acquired,not_acquired,Unresolved,launch,retain_source_id_and_raw_value
M-026,Bulk deals,Promotions and public license offers,BeatStars / seller-owned originals,PromotionRule,Deterministic thresholds; eligible tiers; stacking order,Golden cart and refund allocations owner reviewed,metadata,official_export_or_authorized_read_only_audit,capture_at_acquisition,not_acquired,not_acquired,not_acquired,Unresolved,launch,retain_source_id_and_raw_value
M-027,Negotiations open accepted expired offers,Official negotiation records,BeatStars / seller-owned originals,Negotiation + OfferVersion,Keep timeline; amount; buyer; expiry; accepted terms,Active obligation preserved; price and identity reconcile,metadata,official_export_or_authorized_read_only_audit,capture_at_acquisition,not_acquired,not_acquired,not_acquired,Unresolved,launch,retain_source_id_and_raw_value
M-028,Collections albums membership and order,Collection editor,BeatStars / seller-owned originals,Collection + CollectionItem,Preserve member IDs and track positions,No orphans; count/order; collection license source,metadata,official_export_or_authorized_read_only_audit,capture_at_acquisition,not_acquired,not_acquired,not_acquired,Unresolved,launch,retain_source_id_and_raw_value
M-029,Sound-kit manifest files previews and license,Official kit editor/archive,BeatStars / seller-owned originals,SoundKit + AssetRevision + Offer,Safe archive; formats; sample counts; multiple preview roles,File manifest/hash; rights and contract resolve,kit,seller_owned_original_and_official_metadata,capture_at_acquisition,not_acquired,not_acquired,not_acquired,Unresolved,launch,retain_source_id_and_raw_value
M-030,Services pricing intake deposits and open jobs,Service editor and transaction records,BeatStars / seller-owned originals,ServiceProduct + ServiceProject,Separate listing from open obligation and milestone ledger,Scope/deposit/balance/revision promise preserved,metadata,official_export_or_authorized_read_only_audit,capture_at_acquisition,not_acquired,not_acquired,not_acquired,Unresolved,launch,retain_source_id_and_raw_value
M-031,Merch variants inventory orders fulfillment,Owner-controlled fulfillment export / catalog,BeatStars / seller-owned originals,PhysicalProduct + FulfillmentOrder,Prefer authorized fresh provider sync with source IDs,No duplicate fulfillment; shipping/refund state reconciles,physical,owner_controlled_provider_export,capture_at_acquisition,not_acquired,not_acquired,not_acquired,Unresolved,launch,retain_source_id_and_raw_value
M-032,Membership plan subscription and credit ledger,Studio and payment-provider records,BeatStars / seller-owned originals,PlanVersion + Subscription + CreditLedger,Rebuild immutable transactions; no unsupported balance import,Paid period; grants; debits; expiry; provider ownership; no double billing,metadata,official_export_or_authorized_read_only_audit,capture_at_acquisition,not_acquired,not_acquired,not_acquired,Unresolved,launch,retain_source_id_and_raw_value
M-033,Customer identity and contact records,Official customer/order export,BeatStars / seller-owned originals,Customer + LegacyIdentity,Minimal fields; cautious email normalization; duplicate report,No ambiguous merges; no password or payment-secret import,metadata,official_export_or_authorized_read_only_audit,capture_at_acquisition,not_acquired,not_acquired,not_acquired,Unresolved,launch,retain_source_id_and_raw_value
M-034,Historic orders lines payments refunds currency,Official order export and provider records,BeatStars / seller-owned originals,LegacyOrder + LegacyOrderLine,Default archive_only; preserve IDs and money; classify verified_grant candidates,Exact buyer/payment/contract/asset reconciliation before entitlement,commerce,official_export_and_provider_records,capture_at_acquisition,not_acquired,not_acquired,not_acquired,Unresolved,launch,retain_source_id_and_raw_value
M-035,Executed historic contract PDF,Original generated order attachment,BeatStars / seller-owned originals,LegacyContractArtifact,Immutable original bytes; SHA-256; buyer/order/line link,No regeneration substituted for missing original,executed_contract,original_generated_document,capture_at_acquisition,not_acquired,not_acquired,not_acquired,Unresolved,launch,retain_original_and_hash_indefinitely_per_policy
M-036,Historic download events,Reliable official download logs,BeatStars / seller-owned originals,LegacyDeliveryEvent,Preserve only supported event timestamp/asset/outcome,Missing event not evidence no download; retention minimized,metadata,official_export_or_authorized_read_only_audit,capture_at_acquisition,not_acquired,not_acquired,not_acquired,Unresolved,launch,retain_source_id_and_raw_value
M-037,Marketing consent and suppression,Explicit signup/consent log and ESP export,BeatStars / seller-owned originals,ConsentEvent + Suppression,Purpose/status/source/time/policy; unknown remains unknown,Purchase or email presence never becomes consent,consent,official_consent_or_esp_export,capture_at_acquisition,not_acquired,not_acquired,not_acquired,Unresolved,launch,retain_source_id_and_raw_value
M-038,Navigation and homepage layout settings,Customizer read-only capture,BeatStars / seller-owned originals,SiteConfigurationVersion,Translate visible editable values into target schema,Preview and publication state; broken route decisions,metadata,official_export_or_authorized_read_only_audit,capture_at_acquisition,not_acquired,not_acquired,not_acquired,Unresolved,launch,retain_source_id_and_raw_value
M-039,SEO title description canonical and URLs,Public crawl and customizer,BeatStars / seller-owned originals,SeoMetadata + Redirect,Preserve approved indexability and exact legacy route provenance,Redirect/canonical/sitemap consistency; no keyword inference,metadata,official_export_or_authorized_read_only_audit,capture_at_acquisition,not_acquired,not_acquired,not_acquired,Unresolved,launch,retain_source_id_and_raw_value
M-040,Hero footer logo and brand assets,Owner SVG/media originals and current customizer,BeatStars / seller-owned originals,BrandAsset + AssetRevision,Preserve exact icon geometry; aspect; crops; capture actual current token,Hash/dimensions; visual verification; no generated replacement geometry,brand,seller_owned_original_and_current_visual_audit,capture_at_acquisition,not_acquired,not_acquired,not_acquired,Unresolved,launch,retain_source_id_and_raw_value
M-041,Blog video about and contact content,Official editable content / seller originals,BeatStars / seller-owned originals,ContentEntry,Preserve source slug/date; sanitize; publish/archive decision,Factual biography and freshness; active route destination,metadata,official_export_or_authorized_read_only_audit,capture_at_acquisition,not_acquired,not_acquired,not_acquired,Unresolved,launch,retain_source_id_and_raw_value
M-042,DNS host zone TTL certificates email records,Owner DNS provider export,BeatStars / seller-owned originals,DeploymentSnapshot,Immutable complete zone snapshot; verify apex/www authority,MX/TXT untouched unless separately authorized; rollback record complete,infrastructure,owner_controlled_provider_read_only_export,capture_at_acquisition,not_acquired,not_acquired,not_acquired,Unresolved,launch,retain_source_id_and_raw_value
M-043,Payment provider external references,Owner Stripe/PayPal records,BeatStars / seller-owned originals,ProviderReference,Import references only; verify account ownership,No cards; credentials; secrets; payment tokens assumed portable,commerce,owner_controlled_provider_export,capture_at_acquisition,not_acquired,not_acquired,not_acquired,Unresolved,launch,retain_source_id_and_raw_value
M-044,Tax records invoices and receipt identifiers,Provider/accounting export,BeatStars / seller-owned originals,TaxSnapshot + LegacyInvoice,Preserve monetary evidence and jurisdiction raw data,Totals reconcile; retained per approved policy,commerce,owner_controlled_provider_export,capture_at_acquisition,not_acquired,not_acquired,not_acquired,Unresolved,launch,retain_source_id_and_raw_value
M-045,Social links pixels analytics and ESP integrations,Customizer/settings read-only capture,BeatStars / seller-owned originals,IntegrationConfiguration,Inventory public IDs separately from credentials; consent map,No secrets in repository; domain/account ownership validated,metadata,official_export_or_authorized_read_only_audit,capture_at_acquisition,not_acquired,not_acquired,not_acquired,Unresolved,launch,retain_source_id_and_raw_value
M-046,Artist credits ISRC UPC and distributor links,Seller metadata / distributor export,BeatStars / seller-owned originals,Recording + ReleaseIdentifier,Keep recording/release namespaces; preserve original values,Identifier format; no falsely generated legacy identifiers,metadata,official_export_or_authorized_read_only_audit,capture_at_acquisition,not_acquired,not_acquired,not_acquired,Unresolved,launch,retain_source_id_and_raw_value
M-047,Publishing Content ID and residual royalty obligations,Provider agreements/wallet records,BeatStars / seller-owned originals,ExternalRightsRelationship,Record applicable programs; wind-down and remaining payouts,No new Content ID claim inferred; original obligations retained,rights_evidence,owner_controlled_provider_records,capture_at_acquisition,not_acquired,not_acquired,not_acquired,Unresolved,launch,retain_source_id_and_raw_value
M-048,Buyer favorites playlists lyric notes,Official supported export if available,BeatStars / seller-owned originals,SavedList + PrivateLyricNote,Preserve creator/buyer scope; optional consented import,No private content without supported acquisition; unresolved export limits,metadata,official_export_or_authorized_read_only_audit,capture_at_acquisition,not_acquired,not_acquired,not_acquired,Unresolved,launch,retain_source_id_and_raw_value
M-049,Messages service attachments and disputes,Official export and owner-controlled records,BeatStars / seller-owned originals,LegacyThread + DisputeEvidence,Minimize content; retain legal/fulfillment evidence in private archive,PII retention; access policy; attachment safety,private_evidence,official_export_if_supported,capture_at_acquisition,not_acquired,not_acquired,not_acquired,Unresolved,launch,retain_source_id_and_raw_value
M-050,Capture watermark and subsequent changes,Each source export and delta acquisition,BeatStars / seller-owned originals,ImportBatch + SourceSnapshot,Capture source as-of time; record later orders/refunds/license/visibility changes,Every interval reconciled before switch; no gap between snapshots,metadata,official_export_or_authorized_read_only_audit,capture_at_acquisition,not_acquired,not_acquired,not_acquired,Unresolved,launch,retain_source_id_and_raw_value
