source_id,title,locator,source_type,source_date,acquired_at,acquisition_method,evidence_status,verified_scope,limitations,sha256,operator
SRC-001,BeatStars Pro Page Redesign Plan.docx,user attachment: BeatStars Pro Page Redesign Plan.docx,user_attachment,undated,2026-09-04,local_attachment_extraction,Verified,Attachment received and hashed; extracted body and table text,Historical critique and design recommendations; no fresh authenticated audit; original binary excluded from repository,90d80100a47c9ec49e124536db04b1a32e74b57e2188cc4f79cec52b43881c68,Astra research agent
SRC-002,VASEY AUDIO BeatStars ProPage Analysis(1)(1).pdf,user attachment: VASEY AUDIO BeatStars ProPage Analysis(1)(1).pdf,user_attachment,2026-03 as printed,2026-09-04,local_attachment_extraction,Verified,Attachment received and hashed; 12-page document text extracted locally,Confidential analysis; recommendations and unsupported account claims require validation; original binary excluded,b1f3c9e35a9695d39568ce029551ae0ae1ff5546147c5269af2db44e6047ab13,Astra research agent
SRC-003,VASEY_AUDIO Beat Store: Replacement Spec and Brand Color Token System,user attachment: VASEY_AUDIO Beat Store_ BeatStars Replacement Spec and Brand Color Token System.md,user_attachment,2026-09-01 as stated,2026-09-04,local_attachment_extraction,Verified,Attachment received and hashed; feature audit and proposed specification read,Secondary research; claimed prior decisions are not independently established; contains corrections listed in research_summary.md,10844e7fa3ccc8784d24e9854eae77f971960d47061578a1c268139411e03dea,Astra research agent
SRC-004,VASEY.AUDIO public homepage,https://www.vasey.audio/,public_site,crawler reports approximately three weeks before retrieval,2026-09-04,public_web_text_retrieval,Verified,Retrieved public text contains catalog navigation; license and membership display; sound-kit section,Not a live rendered visual audit; labels and displayed prices are observations not validated checkout terms or account settings,,Astra research agent
SRC-005,VASEY.AUDIO public route checks,https://www.vasey.audio/music/tracks,public_site,crawler ages varied: one month to 1.7 years,2026-09-04,public_web_text_retrieval,Verified,Route shell observations for tracks/memberships/services/licensing; merch and music/albums retrieval returned 404,Client-rendered/cookie-disabled shells; not proof pages are empty or that operator is authenticated,,Astra research agent
SRC-006,How Do I Upload Tracks?,https://help.beatstars.com/hc/en-us/articles/1260802609630-How-Do-I-Upload-Tracks,official_documentation,current retrieval,2026-09-04,public_web_text_retrieval,Verified,Documented track upload and file-role selection,Does not verify Sean account inventory or current plan,,Astra research agent
SRC-007,How Do I Create A Contract?,https://help.beatstars.com/hc/en-us/articles/4675633166747-How-Do-I-Create-A-Contract,official_documentation,current retrieval,2026-09-04,public_web_text_retrieval,Verified,Contracts apply to tracks; kits; collections,Does not supply actual VASEY license text or executed contracts,,Astra research agent
SRC-008,How Do I Disable a License for a Specific Track?,https://help.beatstars.com/hc/en-us/articles/4417508641179-How-Do-I-Disable-a-License-for-a-Specific-Track,official_documentation,2026-03-25 as search result,2026-09-04,public_web_text_retrieval,Verified,Per-track license availability controls,Actual enabled assignments unverified,,Astra research agent
SRC-009,How do I Create Coupon Codes?,https://help.beatstars.com/hc/en-us/articles/6507599692571-How-do-I-Create-Coupon-Codes,official_documentation,2026-03-25 as search result,2026-09-04,public_web_text_retrieval,Verified,Percentage coupons; scheduling; contract and product scope,Current account coupon settings and stacking require audit,,Astra research agent
SRC-010,How Do I Enable And Adjust Commercial Use For Free Downloads?,https://help.beatstars.com/hc/en-us/articles/49060134274075-How-Do-I-Enable-And-Adjust-Commercial-Use-For-Free-Downloads,official_documentation,current retrieval,2026-09-04,public_web_text_retrieval,Verified,Optional commercial free-download license and royalty-term configuration,No implication that Sean has enabled this feature,,Astra research agent
SRC-011,How To Pre-set Your Track Metadata For Future Uploads Using Track Preferences,https://help.beatstars.com/hc/en-us/articles/28453618643611-How-To-Pre-set-Your-Track-Metadata-For-Future-Uploads-Using-Track-Preferences,official_documentation,2026-06-24 as search result,2026-09-04,public_web_text_retrieval,Verified,Metadata; voice-tag; monetization; free-download defaults,Current account defaults unknown,,Astra research agent
SRC-012,How Can I Negotiate the Price of a Track On A Seller's Pro Page?,https://help.beatstars.com/hc/en-us/articles/39058525368987-How-Can-I-Negotiate-the-Price-of-a-Track-On-A-Seller-s-Pro-Page,official_documentation,2026-03-04 as search result,2026-09-04,public_web_text_retrieval,Verified,Offer; counteroffer; expiration and Pro Page checkout flow,Negotiation enablement and open obligations unknown,,Astra research agent
SRC-013,How to Create a Membership,https://help.beatstars.com/hc/en-us/articles/9051809325339-How-to-Create-a-Membership,official_documentation,current retrieval,2026-09-04,public_web_text_retrieval,Verified,Recurring download plans; product/license eligibility; exclusive licenses excluded,Current live subscribers and plan terms not observed,,Astra research agent
SRC-014,Membership Subscription to a Producer's Pro Page FAQs,https://help.beatstars.com/hc/en-us/articles/360039747113-Membership-Subscription-to-a-Producer-s-Pro-Page-FAQs,official_documentation,current retrieval,2026-09-04,public_web_text_retrieval,Verified,Direct producer relationship; billing-cycle credits; non-rollover and cancellation,Does not establish migration or payment-token portability,,Astra research agent
SRC-015,How to Sell Mixing & Mastering and Other Services,https://help.beatstars.com/hc/en-us/articles/31330155758491-How-to-Sell-Mixing-Mastering-and-Other-Services,official_documentation,2026-03-26 as search result,2026-09-04,public_web_text_retrieval,Verified,Fixed-rate and inquiry service types,Actual service scope; deposits and open work require private audit,,Astra research agent
SRC-016,How to Create Sound Kits in the Studio App,https://help.beatstars.com/hc/en-us/articles/6525870696091-How-to-Create-Sound-Kits-in-the-Studio-App,official_documentation,2026-03-26 as search result,2026-09-04,public_web_text_retrieval,Verified,Archive; preview; artwork and kit metadata workflow,No access to actual kit archive or rights evidence,,Astra research agent
SRC-017,Why is there a service fee on the Marketplace?,https://help.beatstars.com/hc/en-us/articles/17747783078171-Why-is-there-a-service-fee-on-the-Marketplace,official_documentation,current retrieval,2026-09-04,public_web_text_retrieval,Verified,12% Marketplace fee excludes Pro Pages and Blaze Players,Not a calculation of actual seller total costs,,Astra research agent
SRC-018,Content ID & More Wind Down FAQs,https://help.beatstars.com/hc/en-us/articles/44500647605787-Content-ID-More-Wind-Down-FAQs,official_documentation,current retrieval,2026-09-04,public_web_text_retrieval,Verified,New submissions ended 2025-12-08; removals by 2026-01-14; residual royalties may continue,Does not prove Sean enrolled or received royalties; future replacement unknown,,Astra research agent
SRC-019,Stripe Managed Payments,https://docs.stripe.com/payments/managed-payments,official_documentation,current retrieval,2026-09-04,public_web_text_retrieval,Verified,MoR distinction and unsupported Connect integration,VASEY eligibility; onboarding; product restrictions and provider choice unresolved,,Astra research agent
SRC-020,Current project instruction,conversation: Sean VASEYAUDIO replacement request,owner_instruction,2026-09-04,2026-09-04,conversation,Decision,Create VASEYAUDIO GitHub repository; agentic phased implementation; full BeatStars-site replacement; current VASEY styling; admin; music sharing and licensing,Authorizes development and repository creation; no live-domain cutover requested,,Astra research agent
SRC-021,Free Download FAQs,https://help.beatstars.com/hc/en-us/articles/360048521413-Free-Download-FAQs,official_documentation,2026-07-08 as search result,2026-09-04,public_web_text_retrieval,Verified,Free-download file/gating options; commercial use; no retroactive grant,Current account choices unknown; marketing consent still independent,,Astra research agent
SRC-022,Do I have to remove the track when I sell an Exclusive contract?,https://help.beatstars.com/hc/en-us/articles/360039030594-Do-I-have-to-remove-the-track-when-I-sell-an-Exclusive-contract,official_documentation,2026-03-10 as search result,2026-09-04,public_web_text_retrieval,Verified,Automatic original-track removal only for on-platform exclusive; alternate versions and off-platform sale require manual handling,No actual VASEY exclusive transaction inspected,,Astra research agent
SRC-023,What if I have a question about a license product or service purchase?,https://help.beatstars.com/hc/en-us/articles/360047401174-What-if-I-have-a-question-about-a-license-product-or-service-purchase,official_documentation,current retrieval,2026-09-04,public_web_text_retrieval,Verified,Seller controls actual license terms; unavailable prices may reflect changed/removed assignments,Generic support text does not prove a current product is broken or authorize legal assumptions,,Astra research agent
