"baseline_id","capability","primary_task","scope_stage","acceptance_requirement","single_seller_scope"
"FP-001","Home and brand navigation","T33","baseline_benchmark","Keyboard and touch navigation work; no unavailable product purchase links","Sean's store and its listeners/customers only"
"FP-002","Beat catalog and shareable filters","T33","baseline_benchmark","Filter combination survives reload/share; drafts never appear","Sean's store and its listeners/customers only"
"FP-003","Track detail pages","T33","baseline_benchmark","Each public product has stable URL and truthful price/file summary","Sean's store and its listeners/customers only"
"FP-004","Global cart and license selection","T22","baseline_benchmark","Client tampering cannot alter prices; unavailable licenses rejected","Sean's store and its listeners/customers only"
"FP-005","License comparison and policy pages","T22","baseline_benchmark","Summaries reconciled to versioned legal text; buyer sees terms before consent","Sean's store and its listeners/customers only"
"FP-006","Collections and albums","T26","unconditional_baseline_completion","All member products and grants resolve; partial-unavailable collection policy tested","Sean's store and its listeners/customers only"
"FP-007","Sound-kit store","T27","unconditional_baseline_completion","Licensed archive delivered only after entitlement; counts match manifest","Sean's store and its listeners/customers only"
"FP-008","Services storefront","T28","unconditional_baseline_completion","Functional inquiry and booking paths; no fake checkout for unconfigured service","Sean's store and its listeners/customers only"
"FP-009","Membership plan pages","T30","unconditional_baseline_completion","Accurate eligibility and paid-plan lifecycle demonstrated","Sean's store and its listeners/customers only"
"FP-010","Merchandise storefront","T29","unconditional_baseline_completion","Connected fulfillment source or explicitly documented unavailable catalog; no dead navigation","Sean's store and its listeners/customers only"
"FP-011","Blog and updates","T33","baseline_benchmark","Article routes; embeds; sanitization and fresh-content decisions validated","Sean's store and its listeners/customers only"
"FP-012","Video gallery and related video","T16","unconditional_baseline_completion","Embed source allowlist; responsive ratio; fallback link works","Sean's store and its listeners/customers only"
"FP-013","About credits and contact","T15","unconditional_baseline_completion","Contact delivery and spam protection verified; published content owner reviewed","Sean's store and its listeners/customers only"
"FP-014","Search engine and social metadata","T36","unconditional_baseline_reconciliation","Validation passes; unpublished pages excluded; no duplicate canonical targets","Sean's store and its listeners/customers only"
"FP-015","Accessible responsive experience","T33","unconditional_baseline_completion","Keyboard; screen-reader; contrast; mobile device checks documented","Sean's store and its listeners/customers only"
"FP-016","Share links and embeddable player","T17","unconditional_baseline_reconciliation","Copied links load public record; embed exposes no master or private metadata","Sean's store and its listeners/customers only"
"FP-017","Installable web app","T33","unconditional_baseline_reconciliation","Install tested on supported mobile browsers; no promise of universal background behavior","Sean's store and its listeners/customers only"
"FP-018","Persistent playback across navigation","T33","baseline_benchmark","Navigation does not restart or double-play audio","Sean's store and its listeners/customers only"
"FP-019","Waveform and seek","T33","baseline_benchmark","Duration/seek sync within tolerance; master never fetched for visualization","Sean's store and its listeners/customers only"
"FP-020","Queue next previous and repeat","T33","baseline_benchmark","Queue reorder/removal and ended-state behavior tested","Sean's store and its listeners/customers only"
"FP-021","A/B section loop","T33","unconditional_baseline_reconciliation","Loop obeys bounds; invalid ranges rejected; keyboard controls available","Sean's store and its listeners/customers only"
"FP-022","Preview speed and pitch controls","T33","unconditional_baseline_reconciliation","Reset works; supported browsers tested; no pitch-preservation promise without evidence","Sean's store and its listeners/customers only"
"FP-023","Mobile media session controls","T33","unconditional_baseline_reconciliation","Real iOS/Safari and Android behavior captured with documented fallbacks","Sean's store and its listeners/customers only"
"FP-024","Preview access separation","T14","baseline_benchmark","Unauthenticated master/stem requests fail; cache and range requests tested","Sean's store and its listeners/customers only"
"FP-025","Streaming abuse controls","T33","unconditional_baseline_reconciliation","Expired signatures rejected; previews understood to remain recordable","Sean's store and its listeners/customers only"
"FP-026","Advanced HLS and casting","T32","enhancement_postlaunch","No mandatory HLS complexity without latency/bandwidth evidence","Sean's store and its listeners/customers only"
"FP-027","Admin identity and role separation","T12","unconditional_baseline_completion","Buyer cannot call admin APIs; unauthenticated writes denied; secrets remain server-only","Sean and authorized helpers/reviewers; no independent seller accounts or tenants"
"FP-028","Dashboard and operational health","T32","unconditional_baseline_reconciliation","Financial cards reconcile to ledger; demo values explicitly separated","Sean's store and its listeners/customers only"
"FP-029","Track metadata editor","T12","baseline_benchmark","Validation errors retained; save/reload works; publication needs mandatory evidence","Sean's store and its listeners/customers only"
"FP-030","Upload master preview artwork stems","T13","unconditional_baseline_completion","Interrupted upload resumes; private assets never receive public ACL","Sean's store and its listeners/customers only"
"FP-031","Voice-tag and metadata defaults","T12","unconditional_baseline_reconciliation","Defaults apply only as intended; existing products not silently changed","Sean's store and its listeners/customers only"
"FP-032","Draft scheduled private unlisted publishing","T12","unconditional_baseline_reconciliation","No accidental publication by import default; scheduler is idempotent","Sean's store and its listeners/customers only"
"FP-033","Bulk edit catalog and licensing","T12","unconditional_baseline_reconciliation","Exact affected IDs shown; operation auditable and restartable","Sean's store and its listeners/customers only"
"FP-034","Media library and unattached upload lifecycle","T13","unconditional_baseline_completion","Delete cannot remove asset required by retained contract or entitlement","Sean's store and its listeners/customers only"
"FP-035","Collaborator and rights management","T22","unconditional_baseline_reconciliation","Effective revisions reconcile; totals and approval status validated","Rights/collaborators on Sean-owned catalog only"
"FP-036","License editor and assignments","T12","baseline_benchmark","Sold versions immutable; assignment and displayed summary agree","Sean's store and its listeners/customers only"
"FP-037","Product family editors","T33","unconditional_baseline_reconciliation","Type-specific validation; publishing and archive behavior documented","Sean's store and its listeners/customers only"
"FP-038","Content and site editor","T33","baseline_benchmark","Preview does not mutate public configuration; assets retain aspect ratio","Sean's store and its listeners/customers only"
"FP-039","Share and release workflow","T17","baseline_benchmark","Share URL matches current visibility; no draft data leaked","Sean's store and its listeners/customers only"
"FP-040","Orders customers contracts and refunds","T19","unconditional_baseline_completion","Server authorization and audit for sensitive views/actions; provider status reconciled","Sean's store and its listeners/customers only"
"FP-041","Mobile admin workflow","T33","unconditional_baseline_completion","Complete core workflow on phone without horizontal overflow or inaccessible controls","Sean's store and its listeners/customers only"
"FP-042","Immutable originals and asset revisions","T25","baseline_benchmark","Replacement cannot alter a sold asset binding; hash verification detects drift","Sean's store and its listeners/customers only"
"FP-043","Audio inspection and safe transcodes","T14","baseline_benchmark","Corrupt media rejected; output decodes; master remains bit-identical","Sean's store and its listeners/customers only"
"FP-044","Deterministic tagged preview generation","T14","baseline_benchmark","Tag audible per approved recipe; idempotent retry; no unintended master replacement","Sean's store and its listeners/customers only"
"FP-045","Peaks and artwork derivatives","T14","baseline_benchmark","Waveform duration matches preview; images retain aspect/focal point","Sean's store and its listeners/customers only"
"FP-046","Safe archive ingestion","T06","baseline_benchmark","Hostile fixtures rejected; per-file hash manifest reconciles","Sean's store and its listeners/customers only"
"FP-047","Durable jobs and failure handling","T14","baseline_benchmark","Worker crash and replay do not duplicate media or publish incomplete content","Sean's store and its listeners/customers only"
"FP-048","Automatic BPM key and metadata suggestions","T32","enhancement_postlaunch","Manual override preserved; confidence shown; no automatic rights claims","Sean's store and its listeners/customers only"
"FP-049","Immutable license versions and SKU offers","T22","baseline_benchmark","Old order displays old terms after new template publication","Sean's store and its listeners/customers only"
"FP-050","Buyer-specific contract generation","T22","baseline_benchmark","Buyer/order/product/template/price traceable; template injection escaped","Sean's store and its listeners/customers only"
"FP-051","Checkout term acceptance snapshot","T22","baseline_benchmark","Terms changed after quote trigger refresh/reacceptance; immutable acceptance evidence","Sean's store and its listeners/customers only"
"FP-052","Non-exclusive grant preservation","T22","baseline_benchmark","Exclusive sale does not silently revoke earlier grants","Sean's store and its listeners/customers only"
"FP-053","Atomic exclusive inventory","T22","baseline_benchmark","Concurrent exclusive attempts produce at most one grant; stale quote and late payment paths handled","Sean's store and its listeners/customers only"
"FP-054","Exclusive rights semantics","T10","unconditional_baseline_completion","No hard-coded assumption that all exclusives transfer master ownership","Exclusive semantics for Sean's own catalog"
"FP-055","Free promotional and commercial grants","T18","unconditional_baseline_completion","Explicit accepted terms; royalty fields; no implicit marketing consent","Sean's store and its listeners/customers only"
"FP-056","Offers negotiations and expiry","T22","unconditional_baseline_reconciliation","Only intended buyer can pay accepted offer; expiration and inventory rechecked","Sean's store and its listeners/customers only"
"FP-057","License upgrades","T32","enhancement_postlaunch","Proration policy approved and tested; no duplicate exclusive grant","Sean's store and its listeners/customers only"
"FP-058","Electronic signature provider integration","T22","unconditional_baseline_reconciliation","Legal sufficiency and evidence retention reviewed; signature not cosmetic text field","Sean's store and its listeners/customers only"
"FP-059","Receipt or license verification","T32","enhancement_postlaunch","Enumeration and unauthorized disclosure tests pass","Sean's store and its listeners/customers only"
"FP-060","Server-authoritative multi-line checkout","T22","baseline_benchmark","Invalid quantities/currencies rejected; totals reproduced from snapshot","Sean's store and its listeners/customers only"
"FP-061","Cards Apple Pay and Google Pay","T22","unconditional_baseline_completion","Sandbox happy/failure/async flows verified; no raw card data reaches app","Sean's store and its listeners/customers only"
"FP-062","PayPal parity","T22","conditional_source_baseline","Signed provider events; duplicate handling and refunds tested; account verified","Sean's store and its listeners/customers only"
"FP-063","Merchant tax and operating entity","T10","unconditional_baseline_completion","Decision resolves Managed Payments versus direct Payments/Connect conflict","One merchant operating entity; no multi-seller platform by default"
"FP-064","Idempotent signed webhook processing","T22","baseline_benchmark","Duplicate/out-of-order/late/unpaid events never duplicate grant or prematurely deliver","Sean's store and its listeners/customers only"
"FP-065","Coupons and scheduled promotions","T22","baseline_benchmark","Golden carts; concurrent last-redemption test; server computes discount","Sean's store and its listeners/customers only"
"FP-066","Automatic bulk deals and bundles","T22","unconditional_baseline_reconciliation","Golden carts reproduce agreed thresholds; refund allocation reconciles","Sean's store and its listeners/customers only"
"FP-067","Tax calculation and receipts","T22","unconditional_baseline_completion","Provider totals reconcile; unsupported tax setup blocks real checkout","Sean's store and its listeners/customers only"
"FP-068","Refund and dispute lifecycle","T21","unconditional_baseline_completion","Partial/full refunds idempotent; no automatic legal revocation without policy","Sean's store and its listeners/customers only"
"FP-069","Collaborator revenue accounting","T22","unconditional_baseline_reconciliation","Allocations equal distributable amount; refund reversal and rounding tested","Accounting for agreed collaborators on Sean's content; not platform commissions"
"FP-070","Automated collaborator payouts","T32","enhancement_postlaunch","Provider eligibility and negative/refund flows verified","Optional collaborator-payment integration for Sean's content; no seller onboarding platform"
"FP-071","Cryptocurrency checkout","T32","enhancement_postlaunch","Underpayment; overpayment; timeout; confirmation; refund cases tested","Sean's store and its listeners/customers only"
"FP-072","BAT Polygon or on-chain receipt","T32","enhancement_postlaunch","No production transaction until explicit approved scope and legal/operational treatment","Sean's store and its listeners/customers only"
"FP-073","Entitlement-controlled downloads","T24","baseline_benchmark","IDOR; expired links; revoked access; master disclosure tested","Sean's store and its listeners/customers only"
"FP-074","Buyer history contracts and re-download","T24","baseline_benchmark","Link expiry does not itself expire grant; buyer only sees own purchases","Sean's store and its listeners/customers only"
"FP-075","Receipt and fulfillment notifications","T32","unconditional_baseline_reconciliation","Paid-but-email-failed recovery proven; no secrets in message","Sean's store and its listeners/customers only"
"FP-076","Download evidence and retention","T25","unconditional_baseline_completion","Logging failure handled; retention policy and dispute export verified","Sean's store and its listeners/customers only"
"FP-077","Large stems and bundle delivery","T24","unconditional_baseline_completion","Large archive complete/hash tested; signed-link retry documented","Sean's store and its listeners/customers only"
"FP-078","Buyer login recovery and guest claim","T23","unconditional_baseline_completion","Unverified email cannot claim another buyer history; enumeration protection","Sean's store and its listeners/customers only"
"FP-079","Favorites playlists and lyrics","T32","unconditional_baseline_reconciliation","Owner authorization enforced; no loss on navigation; user sharing opt-in","Sean's store and its listeners/customers only"
"FP-080","Buyer messaging and notifications","T17","unconditional_baseline_completion","Cross-buyer access denied; attachment scanning and retention covered","Sean's store and its listeners/customers only"
"FP-081","Marketing consent preferences","T32","unconditional_baseline_completion","Imported customer is not automatically subscribed; unsubscribe honored","Sean's store and its listeners/customers only"
"FP-082","Customer export deletion retention","T32","unconditional_baseline_completion","Cross-system request receipt and completion evidence documented","Sean's store and its listeners/customers only"
"FP-083","Plan and subscription lifecycle","T31","unconditional_baseline_completion","Renewal/failure/cancel/rejoin tested; old plan commitments preserved","Customers subscribe to Sean's content/benefits; not seller SaaS subscriptions"
"FP-084","Credit ledger and redemption","T30","unconditional_baseline_completion","Concurrent last-credit redemption cannot overspend; replay cannot double-grant","Sean's store and its listeners/customers only"
"FP-085","Legacy subscription continuity","T31","unconditional_baseline_completion","No duplicate billing; subscriber totals/balances reconcile; active obligations covered","Sean's store and its listeners/customers only"
"FP-086","Inquiry quote and booking","T28","unconditional_baseline_completion","Submitted inquiry reaches admin; quoted scope and price immutable on acceptance","Sean's store and its listeners/customers only"
"FP-087","Deposits milestones revisions and delivery","T28","unconditional_baseline_completion","No completion before required payment; private deliverables and audit evidence tested","Sean's store and its listeners/customers only"
"FP-088","Fulfillment shipping and returns","T29","unconditional_baseline_completion","Controlled test order; webhook replay; failed fulfillment/refund path verified","Sean's store and its listeners/customers only"
"FP-089","Sales catalog and conversion reporting","T32","unconditional_baseline_reconciliation","Dashboard money matches ledger; bot/replay handling and date zones specified","Sean's store and its listeners/customers only"
"FP-090","First-party customer segmentation and export","T32","unconditional_baseline_completion","Consent and role checks; no sensitive data in public analytics","Sean's store and its listeners/customers only"
"FP-091","Email marketing integration","T32","unconditional_baseline_completion","Unsubscribe/suppression sync; consent evidence; no automatic send from migration","Sean's store and its listeners/customers only"
"FP-092","Abandoned cart and advanced CRM","T32","enhancement_postlaunch","Approved audience; suppression; attribution and retention tests","Sean's store and its listeners/customers only"
"FP-093","Affiliate referral program","T32","enhancement_postlaunch","Attribution and refund clawbacks verified; no claim this is current BeatStars parity","Optional referrals to Sean's store only"
"FP-094","Distribution and publishing handoff","T32","enhancement_postlaunch","No claim DSP delivery or publishing administration is rebuilt","Sean's store and its listeners/customers only"
"FP-095","Content ID legacy obligations","T09","unconditional_baseline_completion","No active new-submission feature falsely advertised; actual enrollment unknown resolved","Sean's store and its listeners/customers only"
"FP-096","Third-party marketplace discovery","T32","enhancement_postlaunch","No promise to replicate BeatStars audience/network; exclusive authority remains singular","Optional external discovery/handoff only; building a competing marketplace is excluded"
"FP-097","Source provenance and private export inventory","T09","unconditional_baseline_completion","Every imported class has valid source and evidence; no raw customer records in git","Sean's store and its listeners/customers only"
"FP-098","Dry-run idempotent import and reconciliation","T34","unconditional_baseline_completion","Repeat/resume no duplicates; unexplained money/hash/status delta blocks","Sean's store and its listeners/customers only"
"FP-099","Historic orders and contract preservation","T25","unconditional_baseline_completion","No synthesized historical contracts; exact buyer/order/asset links proven","Sean's store and its listeners/customers only"
"FP-100","Legacy URL redirects and domain continuity","T36","unconditional_baseline_completion","One-hop redirect/canonical; DNS zone and mail records preserved","Sean's store and its listeners/customers only"
"FP-101","Delta capture and exclusivity authority","T39","unconditional_baseline_completion","No missing post-snapshot sales/refunds; no concurrent exclusive sale paths","Sean's store and its listeners/customers only"
"FP-102","Backups restore observability and rollback","T37","unconditional_baseline_completion","Restore and rollback rehearsed; payment/webhook alarms proven","Sean's store and its listeners/customers only"
"FP-103","Security accessibility and launch evidence","T38","unconditional_baseline_completion","Critical issues closed; actual result artifacts and launch signoff retained","Sean's store and its listeners/customers only"
