"id","batch","deliverable","owner","status","depends_on","work_packages","done_when","verification"
"T01","B0","CI cadence and focused cloud checks","CI acceptance lane (ci_acceptance)","Development cadence implemented and merged in PR14; exact-head cheap preflight and reviewed focused development merge used for PR13.","BASE","WP01 WP13","Implement and validate the current AGENTS.md/PR14 cadence: focused reviewed development with cheap preflight, strict evidence gates, and manual full verification on the exact final integrated candidate.","Trigger/classifier/provenance adversarial checks and independent workflow review; complete exact-candidate suites at final acceptance."
"T02","B0","Profile and shorten the full test run","CI acceptance lane (ci_acceptance)","Balanced partition inputs, exact database receipts, skip safeguards, pinned runtime/SDK receipts and measured timings already exist.","BASE","WP01 WP13","Publish per-step and per-test timings; refresh balanced partitions; optimize measured fixture/setup costs without removing scenarios; retain exact test census.","Before/after same-source timing, partition safeguards, complete MySQL and SQLite runs"
"T03","B1","Whole-identifier database guards","Hosting and media lane (hosting_configuration)","Accepted","BASE","WP03","Migration guard substitutions match whole whitelisted identifiers and preserve existing generated SQL; qualified/longer names are covered.","Focused guard and migration cases on MySQL and SQLite; full B1 gate; accepted PR #88 / Foundation 36817029405, exact final5e/tree4161"
"T04","B1","Byte-exact hash lengths","Hosting and media lane (hosting_configuration)","Accepted","BASE","WP03","Guards reject malformed length/type/NUL variants on both engines; applied databases receive additive correction where needed.","Existing-data upgrade and direct-SQL rejection tests on both engines; hash accepted PR #88; UUID and ownership-safe rollback accepted PR #89 / Foundation 36931024988 at head 5322686, tree1467"
"T05","B1","Waiting-image queue diagnostics","Hosting and media lane (hosting_configuration)","Accepted","BASE","WP03","Staff can distinguish delayed/unavailable processing and recover without duplicate processing or false readiness.","Queue-state feature checks and focused operator browser flow; accepted PR #88 / Foundation 36817029405, exact final5e/tree4161"
"T06","B1","Inspect stems before scanning","Hosting and media lane (hosting_configuration)","Accepted","BASE","WP03","Reject unsafe stems inputs before expensive scanning while preserving quarantine and bounded inspection.","Malformed archive/pre-scan ordering and safe fixture tests; accepted PR #88 / Foundation 36817029405, exact final5e/tree4161"
"T07","B1","Scanner source-size limits","Hosting and media lane (hosting_configuration)","Accepted","BASE","WP03","Oversized or changing input is bounded and rejected with a safe retained failure and no public output.","Boundary size/mutation/scanner failure cases; accepted PR #88 / Foundation 36817029405, exact final5e/tree4161"
"T08","B1","Stems deadline edge cases","Hosting and media lane (hosting_configuration)","Accepted","BASE","WP03","Deadline/lease exhaustion cannot promote partial stems; retries remain safe at lock and completion boundaries.","Deadline and recovery regressions with real bounded process cases; accepted PR #88 / Foundation 36817029405, exact final5e/tree4161"
"T09","B2","Private source audit and parity reconciliation","Launch and migration lane (launch_plan); Sean supplies private source evidence","103-row baseline and all primary-task assignments exist; public/source-code reconciliation is not an authenticated private-account audit.","BASE","WP12","Acquire authorized private inventory; map all 103 baseline capabilities and active obligations to accepted evidence or a task; identify extra integrations explicitly. Interpret source capabilities only for Sean's single-seller store; no independent seller platform.","Private manifests, counts/hashes, requirement-to-task map; no customer data in Git"
"T10","B2","Resolve production and product policy decisions","Integration lane (/root); Sean owns business decisions","Single-owner scope confirmed; Stripe Vasey Multimedia account observation recorded. Host, merchant tax/terms/rights and feature policies are only partially decided.","BASE","WP04 WP06 WP07 WP09 WP10 WP11 WP13","Record applicable U02-U13 choices with scope and source evidence; resolve each feature's decisions before dependent behavior is activated. Sean explicitly confirmed single-owner content commerce; feature dependencies need only their relevant decision subset.","Versioned decisions for hosting/storage, terms/tax, recovery, exclusives, contact/consent/free downloads, membership and fulfillment"
"T11","B2","Approve remaining journeys and design contracts","Publication and experience lane (publication_development); Sean reviews material choices","Real approved-theme storefront/CMS/player and review/error states implemented; reusable remaining product journeys incomplete.","BASE","WP02 WP05 WP08 WP09 WP10 WP11","Create screen/state map and reusable components for remaining journeys using approved theme and exact assets; record identity provenance gaps. Implement reusable design components during the owning feature increments; exact approved logo geometry and source provenance are mandatory.","Responsive compositions, keyboard/error/loading/empty states and source asset references"
"T12","B3","Complete staff roles, MFA and recovery","Publication and experience lane (publication_development)","Persisted staff/MFA writers, real enrollment/TOTP/recovery-code cases, metadata presets, bulk editing, private review and captured license/offer/publication authoring are incorporated through development PR15. Current foundations add reviewed private service/merch and synthetic membership administration. Granular production permissions, scheduling and device acceptance remain open.","T10","WP01 WP02 WP13","Complete granular server permissions and production MFA/recovery acceptance, including direct actions and stale sessions. Also verify or complete bulk catalog/license edits, defaults/presets, track scheduling and private/unlisted review from the parity map; reuse accepted CMS scheduling. Roles cover Sean and explicitly authorized helpers/reviewers, not seller tenants or enterprise organizations.","Role/ownership denial tests, recovery/browser proof, independent security review"
"T13","B3","Private object storage and resumable intake","Hosting and media lane (hosting_configuration)","Private local quarantine/revision roots, real resumable media HTTP/admin transport, upload commit recovery and true-kit resumable transport exist.","T03 T04 T06 T07 T08 T10","WP03 WP08","Implement bounded resumable uploads and chosen private storage adapter with exact revision identity, quarantine and interrupted-upload recovery. Cover quotas, orphan lifecycle and retained-asset deletion protection, with private large-file transport support.","Unauthorized/duplicate/resume/corruption tests, private bucket acceptance and exact-byte delivery"
"T14","B3","Deployed worker and real-media acceptance","Hosting and media lane (hosting_configuration)","Bounded scanner/processor/audio/artwork/stems workers and recording bindings are actual code, not a media-pipeline scaffold.","T05 T06 T07 T08 T10 T13","WP03 WP13","Prove scanner, isolation, queues, retry/recovery, approved preview tag, master/stem alignment and playback on representative real assets. Provision an isolated production-like host as part of this work after T10; T37 subsequently completes operational acceptance, avoiding a circular completion dependency.","Production-like worker/scanner evidence and media hashes; no public private assets"
"T15","B4","Inbound contact and spam handling","Publication and experience lane (publication_development)","Durable bounded CSRF-protected contact inquiry, admission/authority locking, private admin handling and visitor/staff in-app conversation/history exist.","T10 T11","WP09","Deliver private inquiries reliably with bounded abuse controls, operator handling and truthful confirmation/error states.","Delivery failure/retry/rate-limit/privacy checks and customer/operator browser flow"
"T16","B4","Consent-aware embeds and related tracks","Publication and experience lane (publication_development)","Consent-before-load editorial video UI and ordered eligible related-track CMS/public links are implemented.","T10 T11","WP09","Publish approved embeds only after required consent; relate eligible tracks; preserve private preview and active-only publication.","Consent withdrawal/blocked-provider/private-content tests and browser flow"
"T17","B4","Sharing and support workflows","Publication and experience lane (publication_development)","Public metadata/share links and embeddable preview exist; private original-session and order-linked test inquiry/support with in-app replies exists.","T10 T11","WP09 WP11","Complete approved sharing and order-aware support journeys, with server ownership and private attachments where required. Include the required embeddable player, buyer messaging and scanned private support attachments; verify share visibility.","Link/accessibility/authorization and support delivery tests"
"T18","B4","Free-download licensing and consent","Publication and experience lane (publication_development)","No dedicated free/promotional grant issuance flow found; existing versioned licenses/grants/delivery are reusable.","T10 T11","WP04 WP08 WP09","Issue exact free assets under approved terms with explicit purpose-specific consent and abuse controls; marketing remains optional unless separately approved.","License/asset identity, duplicate delivery, consent and ownership regressions"
"T19","B5","Operator payment-exception resolution","Commerce and customer-access lane (commerce_operations)","Audited operator test-payment exception history/provider financial inspection plus narrowly supported unfulfilled full-refund resource resolution implemented.","T10 T12","WP07","Staff can resolve supported retained exceptions through audited state transitions without duplicate money or rights effects.","Provider ambiguity/replay/authorization tests, MySQL races and independent commerce review"
"T20","B5","Verified unpaid release","Commerce and customer-access lane (commerce_operations)","Verified terminal-unpaid local/testing resource release, retained proof and late-payment fencing are implemented.","T10 T19","WP06 WP07","Release held inventory/promotion resources only from verified unpaid outcomes under the approved late-payment policy.","Late/duplicate/out-of-order event and independent-process MySQL race cases"
"T21","B5","Refund and dispute lifecycle","Commerce and customer-access lane (commerce_operations)","Full refunded unfulfilled test paid-exception resolution exists. It explicitly forbids provider writes and preserves original payment/rights.","T10 T19 T20","WP06 WP07 WP08","Handle partial/full refunds and disputes with reconciled provider state and explicit inventory/access consequences; preserve originals.","Failure/replay/partial-refund/dispute cases, MySQL concurrency and independent review"
"T22","B5","Production commerce and provider interoperability","Commerce and customer-access lane (commerce_operations)","Track quote/pricing/promotion/inventory/order/Stripe inbox/payment/contract/test-delivery chain and redacted production readiness are incorporated. Reviewed immutable authored production policies and typed capabilities merged in PR16. D-26 encrypted policy-bound preparation packets, server-owned subtotal and exact historical recovery are implemented; corrected composed source passed 255 PHP cases / 779 assertions and 14 actual copy-upgrade checks with independent sensitive/shared review. Tax/total stay unknown and execution remains disabled. Authoritative amounts, production identity/assent, operative consumers and actual provider/legal/storage/transport acceptance remain open.","T10 T12 T13 T19 T20 T21","WP04 WP06 WP07 WP08","Connect approved seller identity, terms, tax, currency, promotions and exclusive policy to production-capable checkout/delivery; prove real provider test-account flows. Also reconcile negotiated offers/counters/expiry, bundle/bulk allocation, required payment rails, signature/assent evidence and collaborator rights/revenue accounting; split substantial remaining workflows into dependent child increments. Use one merchant for Sean's content; no platform commissions or connected-seller infrastructure without a separate actual need.","Actual test-account purchase/failure/refund/reconciliation plus immutable legal/price/asset evidence; live activation stays at T40"
"T23","B6","Guest/account claim and recovery","Commerce and customer-access lane (commerce_operations)","Real local/testing enrollment, credential recovery, mailbox-proof-shaped private capture and explicit per-order guest claims already implemented with ownership/concurrency guards.","T10 T11 T12","WP08 WP11","Implement approved identity/recovery journey without account enumeration, order theft or accidental linking; retain customer rights.","Expiry/replay/takeover/ownership tests, browser flow and independent security review"
"T24","B6","Complete purchase library","Commerce and customer-access lane (commerce_operations)","Test customer/account purchase library has cross-session history, order reference lookup, original item/contract/asset summaries, exact claim ownership and bounded uncertain download authorization recovery.","T11 T13 T23","WP08 WP11","Provide cross-order search/history, exact original contracts and re-downloads with clear availability/recovery states. Include complete hash-verified large stems/bundle delivery and documented range/resume/retry behavior.","Cross-customer denial, pagination and historical revision tests plus responsive browser acceptance"
"T25","B6","Archival and historical-contract preservation","Hosting and media lane (hosting_configuration)","Immutable purchased snapshots, first-committed grant contracts/private files and retained asset revisions exist; synthetic private restore child exists.","T10 T13","WP04 WP08 WP12 WP13","Retain and restore exact contract/media bytes and provenance under approved retention; existing purchases survive new revisions.","Hash-verified isolated restore and historical compatibility evidence"
"T26","B7","Collections and albums","Commerce and customer-access lane (commerce_operations)","Actual private collection/album drafts with immutable ordered1–100 track snapshots, version history and explicit current member refresh are implemented.","T10 T11 T15 T16 T17 T18 T22 T24","WP10","Complete admin/storefront/licensing/checkout/delivery for ordered collections with frozen composition and bundle rules.","Synthetic end-to-end purchase, composition/version/refund cases and UI acceptance"
"T27","B7","Sound kits and presets","Commerce and customer-access lane (commerce_operations)","Actual private WAV sound-kit ownership/intake, immutable archive manifests/scanning/revisions/recovery and true-kit resumable upload/admin exist.","T10 T11 T13 T15 T16 T17 T18 T22 T24","WP10","Complete manifests, demos, approved kit licensing, safe archives and exact purchased delivery.","End-to-end kit purchase and unsafe/archive/privacy/re-download checks"
"T28","B7","Services and milestone fulfillment","Commerce and customer-access lane (commerce_operations)","Private service draft definitions, captured immutable revisions/history and actual mounted staff review/apply are implemented and independently reviewed in the foundations batch. Private brief uploads, buyer estimates/quotes/deposits, milestones/revisions and paid fulfillment remain open.","T10 T11 T15 T17 T22 T23","WP10","Complete private briefs, estimate/quote/deposit, milestones/revisions, delivery and approved cancellation/support policy.","Buyer/operator end-to-end service and private attachment/payment retry cases"
"T29","B7","Merchandise and fulfillment","Commerce and customer-access lane (commerce_operations)","Private merchandise draft variants/source mappings and captured immutable staff revisions/history are implemented and independently reviewed in the foundations batch. Stock reservation, shipping/tax quote, provider submission/tracking and returns remain open.","T10 T11 T17 T22 T23","WP10","Complete variants, stock mapping, shipping/tax quotes, fulfillment/tracking and returns through the chosen provider.","Test order and duplicate-submit/provider failure/return reconciliation"
"T30","B8","Membership plans and credits","Commerce and customer-access lane (commerce_operations)","Versioned synthetic membership plans and append-only credit award/reserve/consume/reverse/expiry foundation plus mounted private plan/history administration are implemented and independently reviewed. Default-off local/testing configuration is composed; production is refused. Paid invoices, renewal/cancellation/dunning, customer redemption/grants and source continuity remain open.","T09 T10 T11 T22 T24","WP11","Implement versioned plans and append-only credits with atomic award/reserve/consume/reverse/expiry under approved policy. Memberships are buyer access to Sean's content, not subscriptions for sellers to use the software.","Duplicate invoice, overspend and independent-process MySQL concurrency tests"
"T31","B8","Renewal, cancellation and legacy member continuity","Commerce and customer-access lane (commerce_operations)","No recurring billing/renewal/cancellation/dunning or legacy membership benefit lifecycle found.","T09 T10 T30","WP11 WP12","Handle failed/late renewals, cancellation, rollover and grandfathering; preserve active paid periods and balances.","Out-of-order provider cases and source-to-target member reconciliation"
"T32","B8","Customer CRM, notifications and integration dispositions","Commerce and customer-access lane (commerce_operations)","Inquiries, customer accounts/library/support and minimized audits exist. Durable test order-ready intents, private capture, leases/reconciliation and final recipient/current-authority proof are implemented and independently reviewed in the foundations batch. Delivered transactional mail, consent/preferences/favorites/CRM and required integration dispositions remain open.","T09 T10 T11 T17 T23 T24","WP11","Complete wishlist/preferences/support context, consent and transactional notifications; give every verified optional integration a child task or explicit authorized disposition. Include favorites/playlists/lyrics, customer export/deletion/retention, transactional outbox, consent suppression sync, segmentation/export and ledger-backed financial reporting where baseline-required; optional enhancements remain explicitly postlaunch unless activated by source obligations.","Withdrawal/notification/retry/ownership tests; no required integration left unresolved"
"T33","B9","Complete player/PWA, responsive design and experience acceptance","Publication and experience lane (publication_development); physical-device tester unassigned","Real persistent audio queue/previous/next/repeat/A-B section loop/speed and native pitch-preservation requests/media-session integration, public embed, responsive storefront and offline navigation fallback already exist.","T11 T12 T14 T15 T16 T17 T18 T24 T26 T27 T28 T29 T30 T31 T32","WP02 WP05 WP08 WP09 WP10 WP11 WP13","Finish approved copy/assets, mobile/tablet/desktop layouts, accessibility, real-device playback, performance and recorded abrupt-navigation recovery findings. Implement remaining advanced queue/repeat, A/B loop, speed/pitch, mobile media-session, preview-abuse and PWA behavior in early parallel feature increments; this task closes only after full experience acceptance.","Screenshots and keyboard/screen-reader/device/playback results on exact candidate; repair material failures"
"T34","B9","Restartable migration tooling","Launch and migration lane (launch_plan)","Synthetic catalog dry-run/checkpoint planning is incorporated. Reviewed protected normalized-source admission, private signed reports and bounded restartable SQLite draft-metadata import with immutable mappings are composed in the foundations batch. Actual account/export acquisition, media/history/entitlements, product adapters, obligation reconciliation and redirects remain open.","T09 T13 T25","WP12","Implement dry-run/import with immutable source mappings, hashes, idempotency and explicit conflicts; add product adapters as T26-T32 settle.","Synthetic interrupted/duplicate/conflict imports; no active entitlement import during development"
"T35","B9","Historical data and obligation reconciliation","Launch and migration lane (launch_plan); Sean supplies private source evidence","Reconciliation controls and manifest requirements documented; no actual private source-to-target reconciliation established.","T09 T22 T24 T25 T26 T27 T28 T29 T30 T31 T32 T34","WP12","Reconcile catalog, orders, original agreements, grants, balances, consent and active fulfillment with zero unexplained exceptions.","Private dry-run counts/hashes/totals and signed-off exception dispositions"
"T36","B9","SEO and route continuity","Launch and migration lane (launch_plan)","Track/public editorial canonical/OpenGraph/social metadata and retained track URL protections exist; legacy URL ledger is not complete redirect implementation.","T09 T16 T26 T27 T28 T29 T34","WP05 WP09 WP12","Verify legacy URLs, redirects, canonicals, social/structured metadata and sitemaps without draft/private exposure or loops.","Source-to-target crawl and synthetic privacy/redirect cases"
"T37","B10","Production hosting, observability and recovery","Hosting and media lane (hosting_configuration); final deployment operator unassigned","Doctor/operator bootstrap/Mac preparation, private-server preflight and synthetic restore exist; deployment_ready remains false. PR15 incorporated durable empty local authoring. Reviewed stopped-installation copy-upgrade tooling is composed with source/schema/lease checks and rollback-original preservation. Actual host, backup/recovery, worker/scanner and deployment acceptance remain open.","T10 T12 T13 T14 T25","WP01 WP03 WP13","Configure deployable staging/production topology, secret boundaries, health/queue/payment alerts, backups and operational ownership.","Observed costs, isolated restore, failed-job replay and measured recovery objectives"
"T38","B10","Exact release-candidate validation","Integration lane (/root); independent_release_review supplies independent assessment","Extensive real PHP/frontend/native definitions and strict receipts exist. Exact current PR13 cheap preflight passed; no current full integrated acceptance exists.","T01 T02 T03 T04 T05 T06 T07 T08 T09 T10 T11 T12 T13 T14 T15 T16 T17 T18 T19 T20 T21 T22 T23 T24 T25 T26 T27 T28 T29 T30 T31 T32 T33 T34 T35 T36 T37","WP13","Freeze integrated release; close critical money/rights/privacy defects and complete source parity, security, accessibility, device and performance acceptance.","Full MySQL/SQLite/frontend/browser/audit evidence, staging commerce and independent review on the actual release"
"T39","B10","Cutover and rollback rehearsal","Integration lane (/root); final deployment operator unassigned","Detailed protected cutover/rollback/freeze/delta/exclusive-authority runbook exists; operational rehearsal unperformed.","T35 T36 T37 T38","WP14","Rehearse source freeze/delta import, traffic switch, in-flight webhooks, one sales authority and rollback preserving new orders.","Concrete cutover packet with rehearsal outcomes, responsibilities and go/no-go checklist"
"T40","B10","Authorized launch and post-launch reconciliation","Integration lane (/root); final deployment operator unassigned; Sean owns launch decision","No production domain/payment transition or source retirement performed; release boundary remains explicit.","T39","WP14","Execute authorized domain/payment transition; verify buyer/member access and provider/order/entitlement reconciliation; retire source only after obligations are satisfied.","Observed live URLs/builds, smoke checks and reconciled post-cutover results"
